id,number,number2,date,contact_id,contact_name,amount,status,created_at,updated_at,myinvois_action,myinvois_document_uuid,myinvois_document_status,issued_at,validated_at,synced_at
11155,2601370,,2026-03-09,,,970.0,ready,2026-03-07 00:39:56,2026-03-07 00:39:56,NORMAL,,,,,2026-03-10T14:00:58.745834
11163,2601372,,2026-03-09,,,422.43,ready,2026-03-10 00:38:43,2026-03-10 00:38:43,EXTERNAL,,,,,2026-03-10T14:00:58.745834
11164,2601373,,2026-03-09,,,374.0,ready,2026-03-10 00:38:43,2026-03-10 00:38:43,EXTERNAL,,,,,2026-03-10T14:00:58.745834
11165,2601374,,2026-03-09,,,222.59,ready,2026-03-10 00:38:44,2026-03-10 00:38:44,EXTERNAL,,,,,2026-03-10T14:00:58.745834
11166,2601375,,2026-03-09,,,187.59,ready,2026-03-10 00:38:45,2026-03-10 00:38:45,EXTERNAL,,,,,2026-03-10T14:00:58.745834
11167,2601376,,2026-03-09,,,222.59,ready,2026-03-10 00:38:45,2026-03-10 00:38:46,EXTERNAL,,,,,2026-03-10T14:00:58.745834
11168,2601377,,2026-03-09,,,374.0,ready,2026-03-10 00:38:46,2026-03-10 00:38:46,EXTERNAL,,,,,2026-03-10T14:00:58.745834
11169,2601378,,2026-03-09,,,222.59,ready,2026-03-10 00:38:47,2026-03-10 00:38:47,EXTERNAL,,,,,2026-03-10T14:00:58.745834
11170,2601379,,2026-03-09,,,222.59,ready,2026-03-10 00:38:47,2026-03-10 00:38:48,EXTERNAL,,,,,2026-03-10T14:00:58.745834
11171,2601380,,2026-03-09,,,357.0,ready,2026-03-10 00:38:48,2026-03-10 00:38:48,NORMAL,,,,,2026-03-10T14:00:58.745834
11172,2601381,,2026-03-09,,,298.08,ready,2026-03-10 00:38:49,2026-03-10 00:38:49,EXTERNAL,,,,,2026-03-10T14:00:58.745834
11173,2601382,,2026-03-09,,,498.95,ready,2026-03-10 00:38:49,2026-03-10 00:38:50,EXTERNAL,,,,,2026-03-10T14:00:58.745834
11174,2601383,,2026-03-09,,,373.96,ready,2026-03-10 00:38:50,2026-03-10 00:38:50,EXTERNAL,,,,,2026-03-10T14:00:58.745834
11175,2601384,,2026-03-09,,,438.0,ready,2026-03-10 00:38:51,2026-03-10 00:38:51,EXTERNAL,,,,,2026-03-10T14:00:58.745834
11176,2601385,,2026-03-09,,,383.0,ready,2026-03-10 00:38:51,2026-03-10 00:38:51,EXTERNAL,,,,,2026-03-10T14:00:58.745834
11177,2601386,,2026-03-09,,,2002.0,ready,2026-03-10 00:38:52,2026-03-10 00:38:52,NORMAL,,,,,2026-03-10T14:00:58.745834
11178,2601387,,2026-03-09,,,1857.0,ready,2026-03-10 00:38:53,2026-03-10 00:38:54,NORMAL,,,,,2026-03-10T14:00:58.745834
11179,2601388,,2026-03-09,,,3133.0,ready,2026-03-10 00:38:55,2026-03-10 00:38:55,NORMAL,,,,,2026-03-10T14:00:58.745834
11180,2601389,,2026-03-09,,,1075.0,ready,2026-03-10 00:38:56,2026-03-10 00:38:56,NORMAL,,,,,2026-03-10T14:00:58.745834
11181,2601390,,2026-03-09,,,648.0,ready,2026-03-10 00:38:57,2026-03-10 00:38:57,NORMAL,,,,,2026-03-10T14:00:58.745834
11182,2601391,,2026-03-09,,,1810.0,ready,2026-03-10 00:38:58,2026-03-10 00:38:58,NORMAL,,,,,2026-03-10T14:00:58.745834
11183,2601392,,2026-03-09,,,88.0,ready,2026-03-10 00:38:59,2026-03-10 00:38:59,NORMAL,,,,,2026-03-10T14:00:58.745834
11184,2601393,,2026-03-09,,,694.5,ready,2026-03-10 00:39:00,2026-03-10 00:39:00,NORMAL,,,,,2026-03-10T14:00:58.745834
11185,2601394,,2026-03-09,,,11.0,ready,2026-03-10 00:39:01,2026-03-10 00:39:01,NORMAL,,,,,2026-03-10T14:00:58.745834
11186,2601395,,2026-03-09,,,1212.5,ready,2026-03-10 00:39:02,2026-03-10 00:39:02,NORMAL,,,,,2026-03-10T14:00:58.745834
11187,2601396,,2026-03-09,,,2698.0,ready,2026-03-10 00:39:03,2026-03-10 00:39:03,NORMAL,,,,,2026-03-10T14:00:58.745834
11188,2601397,,2026-03-09,,,2748.0,ready,2026-03-10 00:39:04,2026-03-10 00:39:05,NORMAL,,,,,2026-03-10T14:00:58.745834
11189,2601398,,2026-03-09,,,3102.0,ready,2026-03-10 00:39:06,2026-03-10 00:39:07,NORMAL,,,,,2026-03-10T14:00:58.745834
11190,2601399,,2026-03-09,,,2496.0,ready,2026-03-10 00:39:08,2026-03-10 00:39:08,NORMAL,,,,,2026-03-10T14:00:58.745834
11191,2601400,,2026-03-09,,,1807.0,ready,2026-03-10 00:39:09,2026-03-10 00:39:09,NORMAL,,,,,2026-03-10T14:00:58.745834
11192,2601401,,2026-03-09,,,1235.0,ready,2026-03-10 00:39:10,2026-03-10 00:39:11,NORMAL,,,,,2026-03-10T14:00:58.745834
11193,2601402,,2026-03-09,,,1633.0,ready,2026-03-10 00:39:11,2026-03-10 00:39:12,NORMAL,,,,,2026-03-10T14:00:58.745834
11194,2601403,,2026-03-09,,,966.0,ready,2026-03-10 00:39:13,2026-03-10 00:39:13,NORMAL,,,,,2026-03-10T14:00:58.745834
11195,2601404,,2026-03-09,,,4816.0,ready,2026-03-10 00:39:14,2026-03-10 00:39:14,NORMAL,,,,,2026-03-10T14:00:58.745834
11196,2601405,,2026-03-09,,,239.0,ready,2026-03-10 00:39:16,2026-03-10 00:39:16,NORMAL,,,,,2026-03-10T14:00:58.745834
11197,2601406,,2026-03-09,,,1728.0,ready,2026-03-10 00:39:16,2026-03-10 00:39:17,NORMAL,,,,,2026-03-10T14:00:58.745834
11198,2601407,,2026-03-09,,,732.0,ready,2026-03-10 00:39:18,2026-03-10 00:39:18,NORMAL,,,,,2026-03-10T14:00:58.745834
11199,2601408,,2026-03-09,,,3232.0,ready,2026-03-10 00:39:18,2026-03-10 00:39:19,NORMAL,,,,,2026-03-10T14:00:58.745834
11200,2601409,,2026-03-09,,,224.0,ready,2026-03-10 00:39:20,2026-03-10 00:39:20,NORMAL,,,,,2026-03-10T14:00:58.745834
11201,2601410,,2026-03-09,,,3076.0,ready,2026-03-10 00:39:21,2026-03-10 00:39:21,NORMAL,,,,,2026-03-10T14:00:58.745834
11202,2601411,,2026-03-09,,,379.5,ready,2026-03-10 00:39:23,2026-03-10 00:39:23,NORMAL,,,,,2026-03-10T14:00:58.745834
11203,2601412,,2026-03-09,,,273.5,ready,2026-03-10 00:39:23,2026-03-10 00:39:24,NORMAL,,,,,2026-03-10T14:00:58.745834
11204,2601413,,2026-03-09,,,80.85,ready,2026-03-10 00:39:24,2026-03-10 00:39:25,NORMAL,,,,,2026-03-10T14:00:58.745834
11205,2601414,,2026-03-09,,,1324.0,ready,2026-03-10 00:39:25,2026-03-10 00:39:26,NORMAL,,,,,2026-03-10T14:00:58.745834
11206,2601415,,2026-03-09,,,5285.0,ready,2026-03-10 00:39:27,2026-03-10 00:39:27,NORMAL,,,,,2026-03-10T14:00:58.745834
11207,2601416,,2026-03-09,,,358.2,ready,2026-03-10 00:39:29,2026-03-10 00:39:29,NORMAL,,,,,2026-03-10T14:00:58.745834
11208,2601417,,2026-03-09,,,3166.0,ready,2026-03-10 00:39:30,2026-03-10 00:39:30,NORMAL,,,,,2026-03-10T14:00:58.745834
11209,2601418,,2026-03-09,,,1015.2,ready,2026-03-10 00:39:31,2026-03-10 00:39:32,NORMAL,,,,,2026-03-10T14:00:58.745834
11210,2601419,,2026-03-09,,,2156.0,ready,2026-03-10 00:39:33,2026-03-10 00:39:33,NORMAL,,,,,2026-03-10T14:00:58.745834
11211,2601420,,2026-03-09,,,1131.0,ready,2026-03-10 00:39:34,2026-03-10 00:39:34,NORMAL,,,,,2026-03-10T14:00:58.745834
11212,2601421,,2026-03-09,,,758.5,ready,2026-03-10 00:39:35,2026-03-10 00:39:36,NORMAL,,,,,2026-03-10T14:00:58.745834
11213,2601422,,2026-03-09,,,275.0,ready,2026-03-10 00:39:37,2026-03-10 00:39:37,EXTERNAL,,,,,2026-03-10T14:00:58.745834
11214,2601423,,2026-03-09,,,222.59,ready,2026-03-10 00:39:38,2026-03-10 00:39:38,EXTERNAL,,,,,2026-03-10T14:00:59.179850
11215,2601424,,2026-03-09,,,244.0,ready,2026-03-10 00:39:38,2026-03-10 00:39:39,NORMAL,,,,,2026-03-10T14:00:58.745834
11216,2601425,,2026-03-09,,,60.0,ready,2026-03-10 00:39:39,2026-03-10 00:39:40,NORMAL,,,,,2026-03-10T14:00:59.179850
11217,2601426,,2026-03-09,,,1032.0,ready,2026-03-10 00:39:40,2026-03-10 00:39:40,NORMAL,,,,,2026-03-10T14:00:59.179850
11218,2601427,,2026-03-09,,,1434.0,ready,2026-03-10 00:39:41,2026-03-10 00:39:41,NORMAL,,,,,2026-03-10T14:00:59.179850
11219,SB76651,,2026-03-09,,,80.0,ready,2026-03-10 00:40:14,2026-03-10 00:40:14,NORMAL,,,,,2026-03-10T14:00:59.179850
11220,TJ22235,,2026-03-09,,,60.0,ready,2026-03-10 00:40:15,2026-03-10 00:40:15,NORMAL,,,,,2026-03-10T14:00:59.179850
11221,TJ22236,,2026-03-09,,,96.0,ready,2026-03-10 00:40:15,2026-03-10 00:40:15,NORMAL,,,,,2026-03-10T14:00:59.179850
11222,TJ22237,,2026-03-09,,,90.0,ready,2026-03-10 00:40:16,2026-03-10 00:40:16,NORMAL,,,,,2026-03-10T14:00:59.179850
11136,2601351,,2026-03-06,,,1844.0,ready,2026-03-07 00:39:36,2026-03-07 00:39:37,NORMAL,,,,,2026-03-10T14:00:58.745834
11137,2601352,,2026-03-06,,,508.0,ready,2026-03-07 00:39:38,2026-03-07 00:39:38,NORMAL,,,,,2026-03-10T14:00:58.745834
11138,2601353,,2026-03-06,,,970.0,ready,2026-03-07 00:39:39,2026-03-07 00:39:39,NORMAL,,,,,2026-03-10T14:00:58.745834
11139,2601354,,2026-03-06,,,3240.0,ready,2026-03-07 00:39:40,2026-03-07 00:39:40,NORMAL,,,,,2026-03-10T14:00:58.745834
11140,2601355,,2026-03-06,,,156.0,ready,2026-03-07 00:39:41,2026-03-07 00:39:41,NORMAL,,,,,2026-03-10T14:00:58.745834
11141,2601356,,2026-03-06,,,75.5,ready,2026-03-07 00:39:41,2026-03-07 00:39:42,NORMAL,,,,,2026-03-10T14:00:58.745834
11142,2601357,,2026-03-06,,,47.0,ready,2026-03-07 00:39:42,2026-03-07 00:39:42,NORMAL,,,,,2026-03-10T14:00:58.745834
11143,2601358,,2026-03-06,,,428.0,ready,2026-03-07 00:39:43,2026-03-07 00:39:43,NORMAL,,,,,2026-03-10T14:00:58.745834
11144,2601359,,2026-03-06,,,1712.0,ready,2026-03-07 00:39:44,2026-03-07 00:39:44,NORMAL,,,,,2026-03-10T14:00:58.745834
11145,2601360,,2026-03-06,,,348.96,ready,2026-03-07 00:39:45,2026-03-07 00:39:45,EXTERNAL,,,,,2026-03-10T14:00:58.745834
11146,2601361,,2026-03-06,,,487.0,ready,2026-03-07 00:39:46,2026-03-07 00:39:46,EXTERNAL,,,,,2026-03-10T14:00:58.745834
11147,2601362,,2026-03-06,,,222.59,ready,2026-03-07 00:39:47,2026-03-07 00:39:47,EXTERNAL,,,,,2026-03-10T14:00:58.745834
11148,2601363,,2026-03-06,,,222.59,ready,2026-03-07 00:39:47,2026-03-07 00:39:48,EXTERNAL,,,,,2026-03-10T14:00:58.745834
11149,2601364,,2026-03-06,,,2405.0,ready,2026-03-07 00:39:48,2026-03-07 00:39:49,NORMAL,,,,,2026-03-10T14:00:58.745834
11150,2601365,,2026-03-06,,,905.0,ready,2026-03-07 00:39:50,2026-03-07 00:39:50,NORMAL,,,,,2026-03-10T14:00:58.745834
11151,2601366,,2026-03-06,,,3191.0,ready,2026-03-07 00:39:51,2026-03-07 00:39:51,NORMAL,,,,,2026-03-10T14:00:58.745834
11152,2601367,,2026-03-06,,,1462.0,ready,2026-03-07 00:39:53,2026-03-07 00:39:53,NORMAL,,,,,2026-03-10T14:00:58.745834
11153,2601368,,2026-03-06,,,1343.0,ready,2026-03-07 00:39:54,2026-03-07 00:39:54,NORMAL,,,,,2026-03-10T14:00:58.745834
11154,2601369,,2026-03-06,,,164.0,ready,2026-03-07 00:39:55,2026-03-07 00:39:55,NORMAL,,,,,2026-03-10T14:00:58.745834
11156,2601371,,2026-03-06,,,515.0,ready,2026-03-07 00:39:57,2026-03-07 00:39:57,EXTERNAL,,,,,2026-03-10T14:00:58.745834
11157,TJ22234,,2026-03-06,,,102.0,ready,2026-03-07 00:40:28,2026-03-07 00:40:28,NORMAL,,,,,2026-03-10T14:00:58.745834
11091,2601317,,2026-03-05,,,3835.0,ready,2026-03-06 00:40:06,2026-03-06 00:40:06,VALIDATE,MFAM29YY96KJ3KCDE7KKW8KK10,VALID,2026-03-09 16:49:47,2026-03-09 16:49:50,2026-03-10T14:00:57.975719
11092,2601318,,2026-03-05,,,3556.0,ready,2026-03-06 00:40:07,2026-03-06 00:40:08,VALIDATE,NDZR1QQD9AQHRB9FF7KKW8KK10,VALID,2026-03-09 16:49:47,2026-03-09 16:49:50,2026-03-10T14:00:57.975719
11093,2601319,,2026-03-05,,,880.0,ready,2026-03-06 00:40:09,2026-03-06 00:40:09,VALIDATE,NGKGNNG5D4MZBC30F7KKW8KK10,VALID,2026-03-09 16:49:47,2026-03-09 16:49:50,2026-03-10T14:00:57.975719
11094,2601320,,2026-03-05,,,348.0,ready,2026-03-06 00:40:10,2026-03-06 00:40:10,EXTERNAL,,,,,2026-03-10T14:00:57.975719
11095,2601321,,2026-03-05,,,222.59,ready,2026-03-06 00:40:11,2026-03-06 00:40:11,EXTERNAL,,,,,2026-03-10T14:00:57.975719
11096,2601322,,2026-03-05,,,1135.0,ready,2026-03-06 00:40:11,2026-03-06 00:40:12,VALIDATE,X9EK7SN67WJ5VN7YF7KKW8KK10,VALID,2026-03-09 16:49:47,2026-03-09 16:49:50,2026-03-10T14:00:57.975719
11097,2601323,,2026-03-05,,,273.0,ready,2026-03-06 00:40:12,2026-03-06 00:40:12,NORMAL,,,,,2026-03-10T14:00:57.975719
11098,2601324,,2026-03-05,,,712.0,ready,2026-03-06 00:40:13,2026-03-06 00:40:13,NORMAL,,,,,2026-03-10T14:00:57.975719
11099,2601325,,2026-03-05,,,899.0,ready,2026-03-06 00:40:14,2026-03-06 00:40:14,VALIDATE,7ZNBKE4ZTRAJ752XF7KKW8KK10,VALID,2026-03-09 16:49:47,2026-03-09 16:49:50,2026-03-10T14:00:57.975719
11100,2601326,,2026-03-05,,,489.58,ready,2026-03-06 00:40:15,2026-03-06 00:40:15,EXTERNAL,,,,,2026-03-10T14:00:58.745834
11101,2601327,,2026-03-05,,,374.0,ready,2026-03-06 00:40:16,2026-03-06 00:40:16,EXTERNAL,,,,,2026-03-10T14:00:58.745834
11102,2601328,,2026-03-05,,,222.59,ready,2026-03-06 00:40:17,2026-03-06 00:40:17,EXTERNAL,,,,,2026-03-10T14:00:58.745834
11103,2601329,,2026-03-05,,,418.0,ready,2026-03-06 00:40:17,2026-03-06 00:40:17,EXTERNAL,,,,,2026-03-10T14:00:58.745834
11104,2601330,,2026-03-05,,,2310.0,ready,2026-03-06 00:40:18,2026-03-06 00:40:18,VALIDATE,0A89J909JBP38BW9F7KKW8KK10,VALID,2026-03-09 16:49:47,2026-03-09 16:49:50,2026-03-10T14:00:58.745834
11105,2601331,,2026-03-05,,,492.0,ready,2026-03-06 00:40:19,2026-03-06 00:40:19,VALIDATE,RSPSX1T09JW3M8VGF7KKW8KK10,VALID,2026-03-09 16:49:47,2026-03-09 16:49:50,2026-03-10T14:00:58.745834
11106,2601332,,2026-03-05,,,1165.0,ready,2026-03-06 00:40:20,2026-03-06 00:40:20,VALIDATE,EBDNKXGGX1A6PCT5G7KKW8KK10,VALID,2026-03-09 16:49:47,2026-03-09 16:49:50,2026-03-10T14:00:58.745834
11107,2601333,,2026-03-05,,,286.2,ready,2026-03-06 00:40:21,2026-03-06 00:40:21,EXTERNAL,,,,,2026-03-10T14:00:58.745834
11108,2601334,,2026-03-05,,,2520.0,ready,2026-03-06 00:40:22,2026-03-06 00:40:22,VALIDATE,NPET28D6C83XVGSDG7KKW8KK10,VALID,2026-03-09 16:49:47,2026-03-09 16:49:50,2026-03-10T14:00:58.745834
11109,2601335,,2026-03-05,,,1579.0,ready,2026-03-06 00:40:23,2026-03-06 00:40:24,VALIDATE,YD846WDAXDQ1KC9XG7KKW8KK10,VALID,2026-03-09 16:49:47,2026-03-09 16:49:50,2026-03-10T14:00:58.745834
11110,2601336,,2026-03-05,,,985.0,ready,2026-03-06 00:40:24,2026-03-06 00:40:25,VALIDATE,TS9982DXR8DEZWA8G7KKW8KK10,VALID,2026-03-09 16:49:47,2026-03-09 16:49:50,2026-03-10T14:00:58.745834
11111,2601337,,2026-03-05,,,140.0,ready,2026-03-06 00:40:25,2026-03-06 00:40:25,VALIDATE,S6JFWEN7TFK2H2EKG7KKW8KK10,VALID,2026-03-09 16:49:47,2026-03-09 16:49:50,2026-03-10T14:00:58.745834
11112,2601338,,2026-03-05,,,562.0,ready,2026-03-06 00:40:26,2026-03-06 00:40:26,VALIDATE,SCMD74FWWE5HP7BGG7KKW8KK10,VALID,2026-03-09 16:49:47,2026-03-09 16:49:50,2026-03-10T14:00:58.745834
11113,2601339,,2026-03-05,,,348.0,ready,2026-03-06 00:40:27,2026-03-06 00:40:27,VALIDATE,81N6EK9T49DX3ZTNG7KKW8KK10,VALID,2026-03-09 16:49:48,2026-03-09 16:49:50,2026-03-10T14:00:58.745834
11114,2601340,,2026-03-05,,,1814.0,ready,2026-03-06 00:40:28,2026-03-06 00:40:28,VALIDATE,B8C5W2C7FWC9P4QQG7KKW8KK10,VALID,2026-03-09 16:49:48,2026-03-09 16:49:50,2026-03-10T14:00:58.745834
11115,2601341,,2026-03-05,,,2829.0,ready,2026-03-06 00:40:29,2026-03-06 00:40:29,VALIDATE,3WAQKJ8NVRZ8PGQTG7KKW8KK10,VALID,2026-03-09 16:49:48,2026-03-09 16:49:50,2026-03-10T14:00:58.745834
11116,2601342,,2026-03-05,,,254.0,ready,2026-03-06 00:40:30,2026-03-06 00:40:30,VALIDATE,Z8V9VG83R58K6MQHH7KKW8KK10,VALID,2026-03-09 16:49:48,2026-03-09 16:49:50,2026-03-10T14:00:58.745834
11117,2601343,,2026-03-05,,,254.0,ready,2026-03-06 00:40:31,2026-03-06 00:40:31,VALIDATE,5Z56EW9NFTP2B0C3H7KKW8KK10,VALID,2026-03-09 16:49:48,2026-03-09 16:49:50,2026-03-10T14:00:58.745834
11118,2601344,,2026-03-05,,,1290.0,ready,2026-03-06 00:40:32,2026-03-06 00:40:32,VALIDATE,ST4KP1WG45Q19B81H7KKW8KK10,VALID,2026-03-09 16:49:48,2026-03-09 16:49:50,2026-03-10T14:00:58.745834
11119,2601345,,2026-03-05,,,3420.0,ready,2026-03-06 00:40:33,2026-03-06 00:40:33,VALIDATE,AR8RB140DG2AF9Z2H7KKW8KK10,VALID,2026-03-09 16:49:48,2026-03-09 16:49:50,2026-03-10T14:00:58.745834
11120,2601346,,2026-03-05,,,4115.0,ready,2026-03-06 00:40:35,2026-03-06 00:40:35,VALIDATE,FN6DKAJ7V8CGJYKZH7KKW8KK10,VALID,2026-03-09 16:49:48,2026-03-09 16:49:50,2026-03-10T14:00:58.745834
11121,2601347,,2026-03-05,,,520.2,ready,2026-03-06 00:40:36,2026-03-06 00:40:37,VALIDATE,9C02M9TFQ8R44DXTH7KKW8KK10,VALID,2026-03-09 16:49:48,2026-03-09 16:49:50,2026-03-10T14:00:58.745834
11122,2601348,,2026-03-05,,,1185.0,ready,2026-03-06 00:40:37,2026-03-06 00:40:37,VALIDATE,W0E4QVCGNWWQNEB4H7KKW8KK10,VALID,2026-03-09 16:49:48,2026-03-09 16:49:50,2026-03-10T14:00:58.745834
11123,2601349,,2026-03-05,,,249.0,ready,2026-03-06 00:40:38,2026-03-06 00:40:38,VALIDATE,97D6XX2WS1YNWJGPH7KKW8KK10,VALID,2026-03-09 16:49:48,2026-03-09 16:49:50,2026-03-10T14:00:58.745834
11124,2601350,,2026-03-05,,,1325.0,ready,2026-03-06 00:40:39,2026-03-06 00:40:39,EXTERNAL,,,,,2026-03-10T14:00:58.745834
11125,SB76601,,2026-03-05,,,30.0,ready,2026-03-06 00:41:32,2026-03-06 00:41:32,VALIDATE,MQG8FJ6288M4QHZMJ7KKW8KK10,VALID,2026-03-09 16:49:48,2026-03-09 16:49:50,2026-03-10T14:00:58.745834
11047,2601286,,2026-03-04,,,2405.0,ready,2026-03-05 00:39:24,2026-03-05 00:39:24,VALIDATE,PF1V3R6MC8WNV3KFB7KKW8KK10,VALID,2026-03-09 16:49:46,2026-03-09 16:49:49,2026-03-10T14:00:57.975719
11048,2601287,,2026-03-04,,,332.6,ready,2026-03-05 00:39:25,2026-03-05 00:39:25,VALIDATE,YW8H827PDS96XPD0C7KKW8KK10,VALID,2026-03-09 16:49:46,2026-03-09 16:49:49,2026-03-10T14:00:57.975719
11049,2601288,,2026-03-04,,,1940.0,ready,2026-03-05 00:39:26,2026-03-05 00:39:26,VALIDATE,V93A768EK546J0X5C7KKW8KK10,VALID,2026-03-09 16:49:46,2026-03-09 16:49:49,2026-03-10T14:00:57.975719
11050,2601289,,2026-03-04,,,4474.0,ready,2026-03-05 00:39:27,2026-03-05 00:39:28,VALIDATE,XFG20FSMRSASQTKFC7KKW8KK10,VALID,2026-03-09 16:49:46,2026-03-09 16:49:50,2026-03-10T14:00:57.975719
11051,2601290,,2026-03-04,,,1236.0,ready,2026-03-05 00:39:29,2026-03-05 00:39:29,VALIDATE,NSVJBE04R090N2ZNC7KKW8KK10,VALID,2026-03-09 16:49:46,2026-03-09 16:49:50,2026-03-10T14:00:57.975719
11052,2601291,,2026-03-04,,,2077.0,ready,2026-03-05 00:39:30,2026-03-05 00:39:30,VALIDATE,RVJNH8Q0V6221PB8C7KKW8KK10,VALID,2026-03-09 16:49:46,2026-03-09 16:49:50,2026-03-10T14:00:57.975719
11053,2601292,,2026-03-04,,,702.0,ready,2026-03-05 00:39:31,2026-03-05 00:39:31,VALIDATE,0FCVW811FC8MEWZGC7KKW8KK10,VALID,2026-03-09 16:49:46,2026-03-09 16:49:50,2026-03-10T14:00:57.975719
11054,2601293,,2026-03-04,,,1354.0,ready,2026-03-05 00:39:32,2026-03-05 00:39:32,VALIDATE,MAYGB4BPBBPB0S0KC7KKW8KK10,VALID,2026-03-09 16:49:46,2026-03-09 16:49:50,2026-03-10T14:00:57.975719
11055,2601294,,2026-03-04,,,1271.0,ready,2026-03-05 00:39:33,2026-03-05 00:39:33,VALIDATE,18T22GYYVFC5RWXEC7KKW8KK10,VALID,2026-03-09 16:49:46,2026-03-09 16:49:50,2026-03-10T14:00:57.975719
11056,2601295,,2026-03-04,,,339.0,ready,2026-03-05 00:39:34,2026-03-05 00:39:34,VALIDATE,QPT55GE9AFNX957KD7KKW8KK10,VALID,2026-03-09 16:49:46,2026-03-09 16:49:50,2026-03-10T14:00:57.975719
11057,2601296,,2026-03-04,,,2380.0,ready,2026-03-05 00:39:35,2026-03-05 00:39:35,VALIDATE,1N94G3K9Z02FWQADD7KKW8KK10,VALID,2026-03-09 16:49:46,2026-03-09 16:49:50,2026-03-10T14:00:57.975719
11058,2601297,,2026-03-04,,,1046.75,ready,2026-03-05 00:39:36,2026-03-05 00:39:37,VALIDATE,E4B030YP96SSAXZFD7KKW8KK10,VALID,2026-03-09 16:49:47,2026-03-09 16:49:49,2026-03-10T14:00:57.975719
11059,2601298,,2026-03-04,,,2075.0,ready,2026-03-05 00:39:38,2026-03-05 00:39:38,VALIDATE,98VGCVXND6VCRVSJD7KKW8KK10,VALID,2026-03-09 16:49:47,2026-03-09 16:49:50,2026-03-10T14:00:57.975719
11060,2601299,,2026-03-04,,,493.0,ready,2026-03-05 00:39:39,2026-03-05 00:39:39,VALIDATE,XQP0BG1XWM9AG4W5D7KKW8KK10,VALID,2026-03-09 16:49:47,2026-03-09 16:49:50,2026-03-10T14:00:57.975719
11061,2601300,,2026-03-04,,,304.0,ready,2026-03-05 00:39:40,2026-03-05 00:39:40,VALIDATE,02QW4FT31TX30T0SD7KKW8KK10,VALID,2026-03-09 16:49:47,2026-03-09 16:49:49,2026-03-10T14:00:57.975719
11062,2601301,,2026-03-04,,,1713.0,ready,2026-03-05 00:39:41,2026-03-05 00:39:41,VALIDATE,AG4K3T2W2T4PJCAFD7KKW8KK10,VALID,2026-03-09 16:49:47,2026-03-09 16:49:49,2026-03-10T14:00:57.975719
11063,2601302,,2026-03-04,,,3213.0,ready,2026-03-05 00:39:42,2026-03-05 00:39:42,VALIDATE,WYR4HESJDFC5NM98E7KKW8KK10,VALID,2026-03-09 16:49:47,2026-03-09 16:49:50,2026-03-10T14:00:57.975719
11064,2601303,,2026-03-04,,,1080.0,ready,2026-03-05 00:39:44,2026-03-05 00:39:44,VALIDATE,PRNV74F1RXGZKRBWE7KKW8KK10,VALID,2026-03-09 16:49:47,2026-03-09 16:49:50,2026-03-10T14:00:57.975719
11065,2601304,,2026-03-04,,,1118.34,ready,2026-03-05 00:39:44,2026-03-05 00:39:45,VALIDATE,PZEC0G83CB20J12TE7KKW8KK10,VALID,2026-03-09 16:49:47,2026-03-09 16:49:50,2026-03-10T14:00:57.975719
11066,2601305,,2026-03-04,,,5006.0,ready,2026-03-05 00:39:45,2026-03-05 00:39:46,VALIDATE,CRJVXTN45F67XPYDE7KKW8KK10,VALID,2026-03-09 16:49:47,2026-03-09 16:49:50,2026-03-10T14:00:57.975719
11067,2601306,,2026-03-04,,,492.0,ready,2026-03-05 00:39:48,2026-03-05 00:39:48,VALIDATE,V88RWM4BKMVX33CCE7KKW8KK10,VALID,2026-03-09 16:49:47,2026-03-09 16:49:50,2026-03-10T14:00:57.975719
11069,2601308,,2026-03-04,,,1052.0,ready,2026-03-05 00:39:50,2026-03-05 09:17:20,VALIDATE,E0HPKH5N36ZS5NZ3E7KKW8KK10,VALID,2026-03-09 16:49:47,2026-03-09 16:49:50,2026-03-10T14:00:57.975719
11070,2601309,,2026-03-04,,,298.8,ready,2026-03-05 00:39:51,2026-03-05 00:39:51,VALIDATE,AE8GQWNWCNJC113YE7KKW8KK10,VALID,2026-03-09 16:49:47,2026-03-09 16:49:50,2026-03-10T14:00:57.975719
11071,2601310,,2026-03-04,,,119.5,ready,2026-03-05 00:39:51,2026-03-05 00:39:52,NORMAL,,,,,2026-03-10T14:00:57.975719
11072,2601311,,2026-03-04,,,949.0,ready,2026-03-05 00:39:52,2026-03-05 00:39:52,EXTERNAL,,,,,2026-03-10T14:00:57.975719
11073,2601312,,2026-03-04,,,486.95,ready,2026-03-05 00:39:53,2026-03-05 00:39:53,EXTERNAL,,,,,2026-03-10T14:00:57.975719
11074,2601313,,2026-03-04,,,414.6,ready,2026-03-05 00:39:54,2026-03-05 00:39:54,EXTERNAL,,,,,2026-03-10T14:00:57.975719
11075,2601314,,2026-03-04,,,375.0,ready,2026-03-05 00:39:54,2026-03-05 00:39:54,EXTERNAL,,,,,2026-03-10T14:00:57.975719
11076,2601315,,2026-03-04,,,187.59,ready,2026-03-05 00:39:55,2026-03-05 00:39:55,EXTERNAL,,,,,2026-03-10T14:00:57.975719
11077,2601316,,2026-03-04,,,374.0,ready,2026-03-05 00:39:56,2026-03-05 00:39:56,EXTERNAL,,,,,2026-03-10T14:00:57.975719
11078,SB75542,,2026-03-04,,,27.0,ready,2026-03-05 00:40:27,2026-03-05 00:40:27,VALIDATE,NJV1SPMGNXW7GCWFE7KKW8KK10,VALID,2026-03-09 16:49:47,2026-03-09 16:49:50,2026-03-10T14:00:57.975719
11079,SB77060,,2026-03-04,,,57.6,ready,2026-03-05 00:40:28,2026-03-05 00:40:28,VALIDATE,A9G3Z42DEV6CPCK9E7KKW8KK10,VALID,2026-03-09 16:49:47,2026-03-09 16:49:50,2026-03-10T14:00:57.975719
11001,2601241,,2026-03-03,,,289.0,ready,2026-03-04 00:39:23,2026-03-04 00:39:23,VALIDATE,3XKMC8XBF577S6Z21PFK81KK10,VALID,2026-03-06 17:45:32,2026-03-06 17:45:33,2026-03-10T14:00:57.975719
11002,2601242,,2026-03-03,,,4490.0,ready,2026-03-04 00:39:24,2026-03-04 00:39:24,VALIDATE,YSE73C4MPGQJ2KJZ1PFK81KK10,VALID,2026-03-06 17:45:32,2026-03-06 17:45:33,2026-03-10T14:00:57.975719
11003,2601243,,2026-03-03,,,2405.0,ready,2026-03-04 00:39:26,2026-03-04 00:39:26,VALIDATE,DV1JK72SKAZ31WQ92PFK81KK10,VALID,2026-03-06 17:45:32,2026-03-06 17:45:33,2026-03-10T14:00:57.975719
11004,2601244,,2026-03-03,,,367.5,ready,2026-03-04 00:39:27,2026-03-04 00:39:27,VALIDATE,KD9ANW20203AMF702PFK81KK10,VALID,2026-03-06 17:45:32,2026-03-06 17:45:33,2026-03-10T14:00:57.975719
11005,2601245,,2026-03-03,,,420.0,ready,2026-03-04 00:39:28,2026-03-04 00:39:28,VALIDATE,XQSSH0S42PB17ASM2PFK81KK10,VALID,2026-03-06 17:45:32,2026-03-06 17:45:33,2026-03-10T14:00:57.975719
11006,2601246,,2026-03-03,,,3356.0,ready,2026-03-04 00:39:29,2026-03-04 00:39:29,NORMAL,,,,,2026-03-10T14:00:57.975719
11007,2601247,,2026-03-03,,,959.0,ready,2026-03-04 00:39:31,2026-03-04 00:39:31,NORMAL,,,,,2026-03-10T14:00:57.975719
11008,2601248,,2026-03-03,,,233.5,ready,2026-03-04 00:39:32,2026-03-04 00:39:32,VALIDATE,2A4FN3WNFGDW67HM2PFK81KK10,VALID,2026-03-06 17:45:32,2026-03-06 17:45:33,2026-03-10T14:00:57.975719
11009,2601249,,2026-03-03,,,1827.0,ready,2026-03-04 00:39:33,2026-03-04 00:39:33,VALIDATE,VADQE01M8J6QG4052PFK81KK10,VALID,2026-03-06 17:45:32,2026-03-06 17:45:33,2026-03-10T14:00:57.975719
11010,2601250,,2026-03-03,,,986.0,ready,2026-03-04 00:39:34,2026-03-04 00:39:34,VALIDATE,C0GFST637CTTA6JC2PFK81KK10,VALID,2026-03-06 17:45:32,2026-03-06 17:45:33,2026-03-10T14:00:57.975719
11011,2601251,,2026-03-03,,,656.0,ready,2026-03-04 00:39:35,2026-03-04 00:39:35,VALIDATE,QQ017QCGV7N66KEJ2PFK81KK10,VALID,2026-03-06 17:45:32,2026-03-06 17:45:33,2026-03-10T14:00:57.975719
11012,2601252,,2026-03-03,,,493.0,ready,2026-03-04 00:39:36,2026-03-04 00:39:36,VALIDATE,N5R4VRB1R59C2E1M6PFK81KK10,VALID,2026-03-06 17:45:32,2026-03-06 17:45:33,2026-03-10T14:00:57.975719
11013,2601253,,2026-03-03,,,909.0,ready,2026-03-04 00:39:37,2026-03-04 00:39:37,VALIDATE,9QCK9EBZT3EP0ZCM6PFK81KK10,VALID,2026-03-06 17:45:32,2026-03-06 17:45:33,2026-03-10T14:00:57.975719
11014,2601254,,2026-03-03,,,2349.0,ready,2026-03-04 00:39:38,2026-03-04 00:39:38,VALIDATE,H0TMQDXYV5XNXWVA6PFK81KK10,VALID,2026-03-06 17:45:32,2026-03-06 17:45:33,2026-03-10T14:00:57.975719
11015,2601255,,2026-03-03,,,977.8,ready,2026-03-04 00:39:39,2026-03-04 00:39:39,VALIDATE,WZ8F7GT14YGN5SRK6PFK81KK10,VALID,2026-03-06 17:45:32,2026-03-06 17:45:33,2026-03-10T14:00:57.975719
11016,2601256,,2026-03-03,,,144.5,ready,2026-03-04 00:39:40,2026-03-04 00:39:41,VALIDATE,DCRBA48V3FTJZRH66PFK81KK10,VALID,2026-03-06 17:45:32,2026-03-06 17:45:33,2026-03-10T14:00:57.975719
11017,2601257,,2026-03-03,,,181.96,ready,2026-03-04 00:39:41,2026-03-04 00:39:41,EXTERNAL,,,,,2026-03-10T14:00:57.975719
11018,2601258,,2026-03-03,,,187.59,ready,2026-03-04 00:39:42,2026-03-04 00:39:42,EXTERNAL,,,,,2026-03-10T14:00:57.975719
11019,2601259,,2026-03-03,,,187.59,ready,2026-03-04 00:39:43,2026-03-04 00:39:43,EXTERNAL,,,,,2026-03-10T14:00:57.975719
11020,2601260,,2026-03-03,,,187.59,ready,2026-03-04 00:39:43,2026-03-04 00:39:43,EXTERNAL,,,,,2026-03-10T14:00:57.975719
11021,2601261,,2026-03-03,,,222.59,ready,2026-03-04 00:39:44,2026-03-04 00:39:44,EXTERNAL,,,,,2026-03-10T14:00:57.975719
11022,2601262,,2026-03-03,,,222.59,ready,2026-03-04 00:39:45,2026-03-04 00:39:45,EXTERNAL,,,,,2026-03-10T14:00:57.975719
11023,2601263,,2026-03-03,,,187.59,ready,2026-03-04 00:39:45,2026-03-04 00:39:45,EXTERNAL,,,,,2026-03-10T14:00:57.975719
11024,2601264,,2026-03-03,,,439.34,ready,2026-03-04 00:39:46,2026-03-04 00:39:46,EXTERNAL,,,,,2026-03-10T14:00:57.975719
11025,2601265,,2026-03-03,,,222.59,ready,2026-03-04 00:39:47,2026-03-04 00:39:47,EXTERNAL,,,,,2026-03-10T14:00:57.975719
11026,2601266,,2026-03-03,,,187.59,ready,2026-03-04 00:39:47,2026-03-04 00:39:48,EXTERNAL,,,,,2026-03-10T14:00:57.975719
11027,2601267,,2026-03-03,,,222.59,ready,2026-03-04 00:39:48,2026-03-04 00:39:48,EXTERNAL,,,,,2026-03-10T14:00:57.975719
11028,2601268,,2026-03-03,,,374.0,ready,2026-03-04 00:39:49,2026-03-04 00:39:49,EXTERNAL,,,,,2026-03-10T14:00:57.975719
11029,2601269,,2026-03-03,,,392.0,ready,2026-03-04 00:39:50,2026-03-04 00:39:50,EXTERNAL,,,,,2026-03-10T14:00:57.975719
11030,2601270,,2026-03-03,,,519.94,ready,2026-03-04 00:39:50,2026-03-04 00:39:50,EXTERNAL,,,,,2026-03-10T14:00:57.975719
11031,2601271,,2026-03-03,,,234.0,ready,2026-03-04 00:39:51,2026-03-04 00:39:51,EXTERNAL,,,,,2026-03-10T14:00:57.975719
11032,2601272,,2026-03-03,,,164.0,ready,2026-03-04 00:39:52,2026-03-04 00:39:52,VALIDATE,XVSEMGR4J9FS16QG6PFK81KK10,VALID,2026-03-06 17:45:32,2026-03-06 17:45:33,2026-03-10T14:00:57.975719
11033,2601273,,2026-03-03,,,321.0,ready,2026-03-04 00:39:53,2026-03-04 00:39:53,EXTERNAL,,,,,2026-03-10T14:00:57.975719
11034,2601274,,2026-03-03,,,188.5,ready,2026-03-04 00:39:53,2026-03-04 00:39:53,VALIDATE,BB8FM7FPCG9Z12QB7PFK81KK10,VALID,2026-03-06 17:45:32,2026-03-06 17:45:33,2026-03-10T14:00:57.975719
11035,2601275,,2026-03-03,,,328.0,ready,2026-03-04 00:39:54,2026-03-04 00:39:54,EXTERNAL,,,,,2026-03-10T14:00:57.975719
11036,2601276,,2026-03-03,,,345.0,ready,2026-03-04 00:39:55,2026-03-04 00:39:55,EXTERNAL,,,,,2026-03-10T14:00:57.975719
11037,2601277,,2026-03-03,,,378.0,ready,2026-03-04 00:39:55,2026-03-04 00:39:55,EXTERNAL,,,,,2026-03-10T14:00:57.975719
11038,2601278,,2026-03-03,,,304.0,ready,2026-03-04 00:39:56,2026-03-04 00:39:56,EXTERNAL,,,,,2026-03-10T14:00:57.975719
11039,2601279,,2026-03-03,,,508.0,ready,2026-03-04 00:39:57,2026-03-04 00:39:57,EXTERNAL,,,,,2026-03-10T14:00:57.975719
11040,2601280,,2026-03-03,,,759.0,ready,2026-03-04 00:39:58,2026-03-04 00:39:58,EXTERNAL,,,,,2026-03-10T14:00:57.975719
11041,2601281,,2026-03-03,,,520.0,ready,2026-03-04 00:39:58,2026-03-04 00:39:58,EXTERNAL,,,,,2026-03-10T14:00:57.975719
11042,2601282,,2026-03-03,,,473.0,ready,2026-03-04 00:39:59,2026-03-04 00:39:59,EXTERNAL,,,,,2026-03-10T14:00:57.975719
11043,2601283,,2026-03-03,,,3970.0,ready,2026-03-04 00:40:00,2026-03-04 00:40:00,VALIDATE,7NJE6PHWM002AEBY7PFK81KK10,VALID,2026-03-06 17:45:32,2026-03-06 17:45:33,2026-03-10T14:00:57.975719
11044,2601284,,2026-03-03,,,726.0,ready,2026-03-04 00:40:02,2026-03-04 00:40:02,VALIDATE,W1WHD9V7PCX6J97N7PFK81KK10,VALID,2026-03-06 17:45:32,2026-03-06 17:45:33,2026-03-10T14:00:57.975719
11045,2601285,,2026-03-03,,,1021.44,ready,2026-03-04 00:40:02,2026-03-04 00:40:03,VALIDATE,CBZWDVT3GSG2B6EF7PFK81KK10,VALID,2026-03-06 17:45:32,2026-03-06 17:45:34,2026-03-10T14:00:57.975719
10987,2601229,,2026-03-02,,,164.0,ready,2026-03-02 15:24:46,2026-03-02 15:24:46,VALIDATE,R37SME0HCS7KR603MNYXHSJK10,VALID,2026-03-03 17:54:36,2026-03-03 17:54:39,2026-03-10T14:00:57.975719
10988,2601230,,2026-03-02,,,760.0,ready,2026-03-02 15:24:47,2026-03-02 15:24:47,VALIDATE,NK8QPE4N29D2STKWMNYXHSJK10,VALID,2026-03-03 17:54:36,2026-03-03 17:54:39,2026-03-10T14:00:57.975719
10989,2601231,,2026-03-02,,,239.0,ready,2026-03-02 15:24:48,2026-03-02 15:24:48,VALIDATE,BFBS2ZSBQYB24MQDMNYXHSJK10,VALID,2026-03-03 17:54:36,2026-03-03 17:54:39,2026-03-10T14:00:57.975719
10990,2601232,,2026-03-02,,,3214.0,ready,2026-03-02 15:24:48,2026-03-02 15:24:49,VALIDATE,R4CWFF4ME88B1S9MMNYXHSJK10,VALID,2026-03-03 17:54:36,2026-03-03 17:54:39,2026-03-10T14:00:57.975719
10991,2601233,,2026-03-02,,,378.0,ready,2026-03-02 15:24:50,2026-03-02 15:24:50,VALIDATE,RSKGHZZEFTARMNW8MNYXHSJK10,VALID,2026-03-03 17:54:36,2026-03-03 17:54:39,2026-03-10T14:00:57.975719
10992,2601234,,2026-03-02,,,358.0,ready,2026-03-02 15:24:51,2026-03-02 15:24:51,VALIDATE,D29M4SA481CA7YW5NNYXHSJK10,VALID,2026-03-03 17:54:36,2026-03-03 17:54:39,2026-03-10T14:00:57.975719
10993,2601235,,2026-03-02,,,328.0,ready,2026-03-02 15:24:51,2026-03-02 15:24:52,VALIDATE,QTP5VYWH0FBAK7DNNNYXHSJK10,VALID,2026-03-03 17:54:36,2026-03-03 17:54:39,2026-03-10T14:00:57.975719
10994,2601236,,2026-03-02,,,4054.0,ready,2026-03-02 15:24:52,2026-03-02 15:24:53,VALIDATE,PX6KBR4MBCJ2BK49NNYXHSJK10,VALID,2026-03-03 17:54:36,2026-03-03 17:54:39,2026-03-10T14:00:57.975719
10995,2601237,,2026-03-02,,,383.0,ready,2026-03-02 15:24:54,2026-03-02 15:24:54,VALIDATE,H2FDAAD3G3ADN16WNNYXHSJK10,VALID,2026-03-03 17:54:36,2026-03-03 17:54:39,2026-03-10T14:00:57.975719
10996,2601238,,2026-03-02,,,588.0,ready,2026-03-02 15:24:55,2026-03-02 15:24:55,VALIDATE,QQPFAZVEVXZ7D21MNNYXHSJK10,VALID,2026-03-03 17:54:36,2026-03-03 17:54:39,2026-03-10T14:00:57.975719
10997,2601239,,2026-03-02,,,6.6,ready,2026-03-02 15:24:56,2026-03-02 15:24:56,VALIDATE,36EM3QTDCQ7YT7C5NNYXHSJK10,VALID,2026-03-03 17:54:36,2026-03-03 17:54:39,2026-03-10T14:00:57.975719
10998,2601240,,2026-03-02,,,440.0,ready,2026-03-02 15:24:57,2026-03-02 15:24:57,VALIDATE,RNBHNR2PDQ2H563MPNYXHSJK10,VALID,2026-03-03 17:54:36,2026-03-03 17:54:39,2026-03-10T14:00:57.975719
10999,TJ22232,,2026-03-02,,,42.0,ready,2026-03-02 15:25:50,2026-03-02 15:25:50,VALIDATE,VHSK5XVSHDM3D86RPNYXHSJK10,VALID,2026-03-03 17:54:36,2026-03-03 17:54:39,2026-03-10T14:00:57.975719
11000,TJ22233,,2026-03-02,,,30.0,ready,2026-03-02 15:25:51,2026-03-02 15:25:51,VALIDATE,DVPN6DSN3SA9QWYYPNYXHSJK10,VALID,2026-03-03 17:54:36,2026-03-03 17:54:39,2026-03-10T14:00:57.975719
10869,2601122,,2026-02-27,,,485.0,ready,2026-02-28 00:39:30,2026-02-28 00:39:30,NORMAL,,,,,2026-03-10T14:00:56.816215
10870,2601123,,2026-02-27,,,56.5,ready,2026-02-28 00:39:31,2026-02-28 00:39:31,NORMAL,,,,,2026-03-10T14:00:56.816215
10871,2601124,,2026-02-27,,,960.0,ready,2026-02-28 00:39:32,2026-02-28 00:39:32,NORMAL,,,,,2026-03-10T14:00:56.816215
10872,2601125,,2026-02-27,,,153.0,ready,2026-02-28 00:39:33,2026-02-28 00:39:33,NORMAL,,,,,2026-03-10T14:00:56.816215
10873,2601126,,2026-02-27,,,709.5,ready,2026-02-28 00:39:34,2026-02-28 00:39:34,NORMAL,,,,,2026-03-10T14:00:56.816215
10874,2601127,,2026-02-27,,,170.65,ready,2026-02-28 00:39:35,2026-02-28 00:39:35,NORMAL,,,,,2026-03-10T14:00:56.816215
10875,2601128,,2026-02-27,,,941.75,ready,2026-02-28 00:39:36,2026-02-28 00:39:36,NORMAL,,,,,2026-03-10T14:00:56.816215
10876,2601129,,2026-02-27,,,252.65,ready,2026-02-28 00:39:37,2026-02-28 00:39:37,VALIDATE,HKCRVZK6JW823YEFM5ANW8KK10,VALID,2026-03-09 16:50:44,2026-03-09 16:50:45,2026-03-10T14:00:56.816215
10877,2601130,,2026-02-27,,,1132.75,ready,2026-02-28 00:39:38,2026-02-28 00:39:39,VALIDATE,5JPCRBZTNWGKNEF7M5ANW8KK10,VALID,2026-03-09 16:50:44,2026-03-09 16:50:45,2026-03-10T14:00:56.816215
10878,2601131,,2026-02-27,,,115.0,ready,2026-02-28 00:39:40,2026-02-28 00:39:40,VALIDATE,J47HX1RP8MRBA5ZGM5ANW8KK10,VALID,2026-03-09 16:50:44,2026-03-09 16:50:45,2026-03-10T14:00:56.816215
10879,2601132,,2026-02-27,,,881.25,ready,2026-02-28 00:39:41,2026-02-28 00:39:41,VALIDATE,801Y5E4RGCYB20XPM5ANW8KK10,VALID,2026-03-09 16:50:44,2026-03-09 16:50:45,2026-03-10T14:00:56.816215
10880,2601133,,2026-02-27,,,1829.5,ready,2026-02-28 00:39:42,2026-02-28 00:39:43,VALIDATE,B23D06ZE4HDD7M35M5ANW8KK10,VALID,2026-03-09 16:50:44,2026-03-09 16:50:45,2026-03-10T14:00:56.816215
10881,2601134,,2026-02-27,,,345.25,ready,2026-02-28 00:39:43,2026-02-28 00:39:44,VALIDATE,CEVAKBTKNXQHXQQTM5ANW8KK10,VALID,2026-03-09 16:50:45,2026-03-09 16:50:45,2026-03-10T14:00:56.816215
10882,2601135,,2026-02-27,,,108.0,ready,2026-02-28 00:39:45,2026-02-28 00:39:45,VALIDATE,FE1SV2XPQSS6WQERN5ANW8KK10,VALID,2026-03-09 16:50:45,2026-03-09 16:50:45,2026-03-10T14:00:56.816215
10883,2601136,,2026-02-27,,,57.0,ready,2026-02-28 00:39:46,2026-02-28 00:39:46,VALIDATE,KMT2200TE2F7K0JXN5ANW8KK10,VALID,2026-03-09 16:50:45,2026-03-09 16:50:45,2026-03-10T14:00:56.816215
10884,2601137,,2026-02-27,,,108.0,ready,2026-02-28 00:39:46,2026-02-28 00:39:46,VALIDATE,3Y0VFKXNC6A48HPDN5ANW8KK10,VALID,2026-03-09 16:50:45,2026-03-09 16:50:45,2026-03-10T14:00:56.816215
10885,2601138,,2026-02-27,,,108.0,ready,2026-02-28 00:39:47,2026-02-28 00:39:47,VALIDATE,448PKMEDN9GF5TDBN5ANW8KK10,VALID,2026-03-09 16:50:45,2026-03-09 16:50:45,2026-03-10T14:00:56.816215
10886,2601139,,2026-02-27,,,108.0,ready,2026-02-28 00:39:48,2026-02-28 00:39:48,VALIDATE,0EWPZ5XVH114CTAQN5ANW8KK10,VALID,2026-03-09 16:50:45,2026-03-09 16:50:46,2026-03-10T14:00:56.816215
10887,2601140,,2026-02-27,,,5450.0,ready,2026-02-28 00:39:48,2026-02-28 00:39:48,VALIDATE,C03M43GQCV12PMQ2N5ANW8KK10,VALID,2026-03-09 16:50:45,2026-03-09 16:50:45,2026-03-10T14:00:56.816215
10888,2601141,,2026-02-27,,,288.0,ready,2026-02-28 00:39:49,2026-02-28 00:39:49,VALIDATE,QWV8YX99CS8H8D0TN5ANW8KK10,VALID,2026-03-09 16:50:45,2026-03-09 16:50:45,2026-03-10T14:00:56.816215
10889,2601142,,2026-02-27,,,600.0,ready,2026-02-28 00:39:50,2026-02-28 00:39:50,VALIDATE,4XDXBMKDX72E4AHMN5ANW8KK10,VALID,2026-03-09 16:50:45,2026-03-09 16:50:45,2026-03-10T14:00:56.816215
10890,2601143,,2026-02-27,,,1170.0,ready,2026-02-28 00:39:51,2026-02-28 00:39:52,VALIDATE,36Y2553KM024PPCM8NYXHSJK10,VALID,2026-03-03 17:54:33,2026-03-03 17:54:38,2026-03-10T14:00:56.816215
10891,2601144,,2026-02-27,,,537.5,ready,2026-02-28 00:39:53,2026-02-28 00:39:54,VALIDATE,JDNYC4SGN5R05NYT9NYXHSJK10,VALID,2026-03-03 17:54:33,2026-03-03 17:54:38,2026-03-10T14:00:56.816215
10892,2601145,,2026-02-27,,,3730.0,ready,2026-02-28 00:39:55,2026-02-28 00:39:55,VALIDATE,ZPSPX9FBWJCS6S609NYXHSJK10,VALID,2026-03-03 17:54:33,2026-03-03 17:54:38,2026-03-10T14:00:56.816215
10893,2601146,,2026-02-27,,,1047.0,ready,2026-02-28 00:39:56,2026-02-28 00:39:56,VALIDATE,8YVZY69YCGX2N2JX9NYXHSJK10,VALID,2026-03-03 17:54:33,2026-03-03 17:54:38,2026-03-10T14:00:56.816215
10894,2601147,,2026-02-27,,,140.0,ready,2026-02-28 00:39:56,2026-02-28 00:39:56,VALIDATE,PWVK4RHT1HVR8EVC9NYXHSJK10,VALID,2026-03-03 17:54:33,2026-03-03 17:54:38,2026-03-10T14:00:56.816215
10895,2601148,,2026-02-27,,,603.5,ready,2026-02-28 00:39:57,2026-02-28 00:39:57,VALIDATE,1YTZG7DSEZQAR4FV9NYXHSJK10,VALID,2026-03-03 17:54:33,2026-03-03 17:54:38,2026-03-10T14:00:56.816215
10896,2601149,,2026-02-27,,,22.5,ready,2026-02-28 00:39:58,2026-02-28 00:39:58,VALIDATE,1VABEKXHXD8T7B0AANYXHSJK10,VALID,2026-03-03 17:54:33,2026-03-03 17:54:38,2026-03-10T14:00:56.816215
10897,2601150,,2026-02-27,,,1350.0,ready,2026-02-28 00:39:59,2026-02-28 00:39:59,VALIDATE,WEQQZSND6NAHVV4XANYXHSJK10,VALID,2026-03-03 17:54:33,2026-03-03 17:54:38,2026-03-10T14:00:56.816215
10898,2601151,,2026-02-27,,,128.0,ready,2026-02-28 00:40:01,2026-02-28 00:40:01,VALIDATE,E4X6RZPYR7ER304YANYXHSJK10,VALID,2026-03-03 17:54:33,2026-03-03 17:54:38,2026-03-10T14:00:56.816215
10899,2601152,,2026-02-27,,,1412.0,ready,2026-02-28 00:40:02,2026-02-28 00:40:02,VALIDATE,QMP4KBQYYN0G5MHJANYXHSJK10,VALID,2026-03-03 17:54:33,2026-03-03 17:54:38,2026-03-10T14:00:56.816215
10900,2601153,,2026-02-27,,,3730.5,ready,2026-02-28 00:40:03,2026-02-28 00:40:04,NORMAL,,,,,2026-03-10T14:00:56.816215
10901,2601154,,2026-02-27,,,220.0,ready,2026-02-28 00:40:06,2026-02-28 00:40:06,NORMAL,,,,,2026-03-10T14:00:56.816215
10902,2601155,,2026-02-27,,,360.0,ready,2026-02-28 00:40:07,2026-02-28 00:40:07,VALIDATE,V78NH5Z9E5NZKR61ANYXHSJK10,VALID,2026-03-03 17:54:33,2026-03-03 17:54:38,2026-03-10T14:00:56.816215
10903,2601156,,2026-02-27,,,436.0,ready,2026-02-28 00:40:08,2026-02-28 00:40:08,VALIDATE,0GJ01H6ARYWE0SKRANYXHSJK10,VALID,2026-03-03 17:54:33,2026-03-03 17:54:38,2026-03-10T14:00:56.816215
10904,2601157,,2026-02-27,,,85.0,ready,2026-02-28 00:40:09,2026-02-28 00:40:09,VALIDATE,4JDE6YF02ZHDYJVFBNYXHSJK10,VALID,2026-03-03 17:54:33,2026-03-03 17:54:38,2026-03-10T14:00:56.816215
10905,2601158,,2026-02-27,,,280.0,ready,2026-02-28 00:40:09,2026-02-28 00:40:09,VALIDATE,R16K6GE2X598SCXCBNYXHSJK10,VALID,2026-03-03 17:54:33,2026-03-03 17:54:38,2026-03-10T14:00:56.816215
10906,2601159,,2026-02-27,,,720.0,ready,2026-02-28 00:40:10,2026-02-28 00:40:10,VALIDATE,RA8M88YHQ5XQ26WKBNYXHSJK10,VALID,2026-03-03 17:54:33,2026-03-03 17:54:39,2026-03-10T14:00:56.816215
10907,2601160,,2026-02-27,,,360.0,ready,2026-02-28 00:40:11,2026-02-28 00:40:11,VALIDATE,VMYWSR7T97DYCS7ZBNYXHSJK10,VALID,2026-03-03 17:54:33,2026-03-03 17:54:39,2026-03-10T14:00:56.816215
10908,2601161,,2026-02-27,,,1730.0,ready,2026-02-28 00:40:12,2026-02-28 00:40:12,VALIDATE,RXB7BJYNVRANJZ8ABNYXHSJK10,VALID,2026-03-03 17:54:33,2026-03-03 17:54:38,2026-03-10T14:00:56.816215
10909,2601162,,2026-02-27,,,2585.0,ready,2026-02-28 00:40:13,2026-02-28 00:40:13,VALIDATE,SMZKQA65D5TNF9GDBNYXHSJK10,VALID,2026-03-03 17:54:33,2026-03-03 17:54:38,2026-03-10T14:00:56.816215
10910,2601163,,2026-02-27,,,360.0,ready,2026-02-28 00:40:14,2026-02-28 00:40:14,VALIDATE,CM7QXAZ4T3EDDKWABNYXHSJK10,VALID,2026-03-03 17:54:34,2026-03-03 17:54:39,2026-03-10T14:00:56.816215
10911,2601164,,2026-02-27,,,765.0,ready,2026-02-28 00:40:15,2026-02-28 00:40:15,VALIDATE,GRCCCGNAAK2QW03NBNYXHSJK10,VALID,2026-03-03 17:54:34,2026-03-03 17:54:39,2026-03-10T14:00:56.816215
10912,2601165,,2026-02-27,,,187.59,ready,2026-02-28 00:40:16,2026-02-28 00:40:16,EXTERNAL,,,,,2026-03-10T14:00:56.816215
10913,2601166,,2026-02-27,,,222.59,ready,2026-02-28 00:40:17,2026-02-28 00:40:17,EXTERNAL,,,,,2026-03-10T14:00:56.816215
10914,2601167,,2026-02-27,,,222.59,ready,2026-02-28 00:40:17,2026-02-28 00:40:17,EXTERNAL,,,,,2026-03-10T14:00:56.816215
10915,2601168,,2026-02-27,,,222.59,ready,2026-02-28 00:40:18,2026-02-28 00:40:18,EXTERNAL,,,,,2026-03-10T14:00:56.816215
10916,2601169,,2026-02-27,,,341.0,ready,2026-02-28 00:40:19,2026-02-28 00:40:19,EXTERNAL,,,,,2026-03-10T14:00:56.816215
10917,2601170,,2026-02-27,,,321.0,ready,2026-02-28 00:40:20,2026-02-28 00:40:20,EXTERNAL,,,,,2026-03-10T14:00:56.816215
10918,2601171,,2026-02-27,,,378.0,ready,2026-02-28 00:40:20,2026-02-28 00:40:20,EXTERNAL,,,,,2026-03-10T14:00:56.816215
10919,2601172,,2026-02-27,,,9752.5,ready,2026-02-28 00:40:21,2026-02-28 00:40:21,VALIDATE,DJRW50YQ9HMQQV8FBNYXHSJK10,VALID,2026-03-03 17:54:34,2026-03-03 17:54:39,2026-03-10T14:00:56.816215
10920,2601173,,2026-02-27,,,5385.0,ready,2026-02-28 00:40:22,2026-02-28 00:40:22,VALIDATE,6EHMDJ51TE2CZW54CNYXHSJK10,VALID,2026-03-03 17:54:34,2026-03-03 17:54:39,2026-03-10T14:00:56.816215
10921,2601174,,2026-02-27,,,114.0,ready,2026-02-28 00:40:23,2026-02-28 00:40:23,VALIDATE,WZYGS7G9NAE4HBCSCNYXHSJK10,VALID,2026-03-03 17:54:34,2026-03-03 17:54:39,2026-03-10T14:00:56.816215
10922,2601175,,2026-02-27,,,76.0,ready,2026-02-28 00:40:24,2026-02-28 00:40:24,VALIDATE,VT0F2SD19GRVZHBDCNYXHSJK10,VALID,2026-03-03 17:54:34,2026-03-03 17:54:38,2026-03-10T14:00:56.816215
10923,2601176,,2026-02-27,,,520.0,ready,2026-02-28 00:40:25,2026-02-28 00:40:25,VALIDATE,8CAZHC27PT8AY90BCNYXHSJK10,VALID,2026-03-03 17:54:34,2026-03-03 17:54:39,2026-03-10T14:00:56.816215
10924,2601177,,2026-02-27,,,6400.0,ready,2026-02-28 00:40:25,2026-02-28 00:40:26,VALIDATE,HPBGYXQM5EPN2E3JCNYXHSJK10,VALID,2026-03-03 17:54:34,2026-03-03 17:54:38,2026-03-10T14:00:56.816215
10925,2601178,,2026-02-27,,,14.0,ready,2026-02-28 00:40:26,2026-02-28 00:40:27,VALIDATE,Q2VJPXE2ZYW1P7HPCNYXHSJK10,VALID,2026-03-03 17:54:34,2026-03-03 17:54:38,2026-03-10T14:00:56.816215
10926,2601179,,2026-02-27,,,487.0,ready,2026-02-28 00:40:27,2026-02-28 00:40:27,VALIDATE,Z3A66DXN8KP7NYZ8CNYXHSJK10,VALID,2026-03-03 17:54:34,2026-03-03 17:54:39,2026-03-10T14:00:56.816215
10927,2601180,,2026-02-27,,,86.0,ready,2026-02-28 00:40:28,2026-02-28 00:40:28,VALIDATE,2QNT8EV7VWRBZ2HMCNYXHSJK10,VALID,2026-03-03 17:54:34,2026-03-03 17:54:39,2026-03-10T14:00:56.816215
10928,2601181,,2026-02-27,,,172.0,ready,2026-02-28 00:40:29,2026-02-28 00:40:29,VALIDATE,BGSGS6KBPR7TZY9XCNYXHSJK10,VALID,2026-03-03 17:54:34,2026-03-03 17:54:39,2026-03-10T14:00:56.816215
10929,2601182,,2026-02-27,,,1680.0,ready,2026-02-28 00:40:29,2026-02-28 00:40:29,VALIDATE,JT2152CV0X5NMNFADNYXHSJK10,VALID,2026-03-03 17:54:34,2026-03-03 17:54:39,2026-03-10T14:00:56.816215
10930,2601183,,2026-02-27,,,645.0,ready,2026-02-28 00:40:30,2026-02-28 00:40:30,VALIDATE,KNRW5CW2NAV8QK9NDNYXHSJK10,VALID,2026-03-03 17:54:34,2026-03-03 17:54:38,2026-03-10T14:00:57.352855
10931,2601184,,2026-02-27,,,85.0,ready,2026-02-28 00:40:31,2026-02-28 00:40:31,VALIDATE,ARRQ44K3NGFE1862DNYXHSJK10,VALID,2026-03-03 17:54:34,2026-03-03 17:54:39,2026-03-10T14:00:57.352855
10932,2601185,,2026-02-27,,,196.0,ready,2026-02-28 00:40:31,2026-02-28 00:40:31,VALIDATE,7K86SF1DZB3RMBHNFNYXHSJK10,VALID,2026-03-03 17:54:34,2026-03-03 17:54:39,2026-03-10T14:00:57.352855
10933,2601186,,2026-02-27,,,57.0,ready,2026-02-28 00:40:32,2026-02-28 00:40:32,VALIDATE,ZQKS39XK9796ADQQFNYXHSJK10,VALID,2026-03-03 17:54:34,2026-03-03 17:54:39,2026-03-10T14:00:57.352855
10934,2601187,,2026-02-27,,,40.25,ready,2026-02-28 00:40:33,2026-03-02 15:20:35,VALIDATE,NYBR9X5Y4CW2R6HRFNYXHSJK10,VALID,2026-03-03 17:54:34,2026-03-03 17:54:39,2026-03-10T14:00:57.352855
10936,2601189,,2026-02-27,,,140.0,ready,2026-02-28 00:40:34,2026-02-28 00:40:34,VALIDATE,1WYB4NMGY92G3E10FNYXHSJK10,VALID,2026-03-03 17:54:34,2026-03-03 17:54:38,2026-03-10T14:00:57.352855
10938,2601191,,2026-02-27,,,677.0,ready,2026-02-28 00:40:36,2026-02-28 00:40:36,VALIDATE,XVRBZPF433W4HZDAFNYXHSJK10,VALID,2026-03-03 17:54:34,2026-03-03 17:54:39,2026-03-10T14:00:57.352855
10939,2601192,,2026-02-27,,,975.0,ready,2026-02-28 00:40:36,2026-02-28 00:40:36,VALIDATE,QNV5FB9G4JFF3QP0FNYXHSJK10,VALID,2026-03-03 17:54:34,2026-03-03 17:54:39,2026-03-10T14:00:57.352855
10940,2601193,,2026-02-27,,,151.0,ready,2026-02-28 00:40:37,2026-02-28 00:40:37,VALIDATE,8C5RC3X8VAJPB4JWGNYXHSJK10,VALID,2026-03-03 17:54:34,2026-03-03 17:54:39,2026-03-10T14:00:57.352855
10941,2601194,,2026-02-27,,,57.0,ready,2026-02-28 00:40:38,2026-02-28 00:40:38,VALIDATE,GRAXK30G0GK5H1XXGNYXHSJK10,VALID,2026-03-03 17:54:34,2026-03-03 17:54:39,2026-03-10T14:00:57.352855
10942,2601195,,2026-02-27,,,43.0,ready,2026-02-28 00:40:39,2026-02-28 00:40:39,VALIDATE,W5AFHC01BJAB3C36GNYXHSJK10,VALID,2026-03-03 17:54:34,2026-03-03 17:54:39,2026-03-10T14:00:57.352855
10943,2601196,,2026-02-27,,,767.0,ready,2026-02-28 00:40:40,2026-02-28 00:40:40,VALIDATE,13B5QQHV05TXBD16GNYXHSJK10,VALID,2026-03-03 17:54:34,2026-03-03 17:54:39,2026-03-10T14:00:57.352855
10944,2601197,,2026-02-27,,,472.5,ready,2026-02-28 00:40:40,2026-02-28 00:40:40,VALIDATE,NHDFQEDZC0YDK4HKGNYXHSJK10,VALID,2026-03-03 17:54:34,2026-03-03 17:54:39,2026-03-10T14:00:57.352855
10945,2601198,,2026-02-27,,,1000.1,ready,2026-02-28 00:40:41,2026-02-28 00:40:42,VALIDATE,B0DJHV4J2P98YK7KGNYXHSJK10,VALID,2026-03-03 17:54:34,2026-03-03 17:54:39,2026-03-10T14:00:57.352855
10946,2601199,,2026-02-27,,,186.0,ready,2026-02-28 00:40:43,2026-02-28 00:40:43,VALIDATE,49ZT75SJDGEAK2XDGNYXHSJK10,VALID,2026-03-03 17:54:34,2026-03-03 17:54:39,2026-03-10T14:00:57.352855
10947,2601200,,2026-02-27,,,58.0,ready,2026-02-28 00:40:44,2026-02-28 00:40:44,VALIDATE,VSJY5A4ZVEG65ZR8GNYXHSJK10,VALID,2026-03-03 17:54:34,2026-03-03 17:54:39,2026-03-10T14:00:57.352855
10948,2601201,,2026-02-27,,,108.0,ready,2026-02-28 00:40:44,2026-02-28 00:40:44,VALIDATE,KSWAB0V05AA15EFXGNYXHSJK10,VALID,2026-03-03 17:54:35,2026-03-03 17:54:39,2026-03-10T14:00:57.352855
10949,2601202,,2026-02-27,,,48.8,ready,2026-02-28 00:40:45,2026-02-28 00:40:45,VALIDATE,30KQ9FT3NPF41YJJGNYXHSJK10,VALID,2026-03-03 17:54:35,2026-03-03 17:54:39,2026-03-10T14:00:57.352855
10950,2601203,,2026-02-27,,,181.5,ready,2026-02-28 00:40:46,2026-02-28 00:40:46,VALIDATE,H01QSGW1GJFH04AJHNYXHSJK10,VALID,2026-03-03 17:54:35,2026-03-03 17:54:39,2026-03-10T14:00:57.352855
10951,2601204,,2026-02-27,,,108.0,ready,2026-02-28 00:40:47,2026-02-28 00:40:47,VALIDATE,8Y4HDAN6X0MX7N7MHNYXHSJK10,VALID,2026-03-03 17:54:35,2026-03-03 17:54:39,2026-03-10T14:00:57.352855
10952,2601205,,2026-02-27,,,1510.0,ready,2026-02-28 00:40:48,2026-02-28 00:40:48,VALIDATE,NEKQMRGTD01HG8Q7HNYXHSJK10,VALID,2026-03-03 17:54:35,2026-03-03 17:54:39,2026-03-10T14:00:57.352855
10953,2601206,,2026-02-27,,,36.0,ready,2026-02-28 00:40:49,2026-02-28 00:40:49,VALIDATE,CEZPDRGF4F9TMXB7HNYXHSJK10,VALID,2026-03-03 17:54:35,2026-03-03 17:54:39,2026-03-10T14:00:57.352855
10954,2601207,,2026-02-27,,,14.75,ready,2026-02-28 00:40:49,2026-02-28 00:40:49,VALIDATE,G925YW5HKM8C9P50HNYXHSJK10,VALID,2026-03-03 17:54:35,2026-03-03 17:54:39,2026-03-10T14:00:57.352855
10955,2601208,,2026-02-27,,,84.0,ready,2026-02-28 00:40:50,2026-02-28 00:40:50,VALIDATE,BBE8H1ZFXBMX0PZ5HNYXHSJK10,VALID,2026-03-03 17:54:35,2026-03-03 17:54:39,2026-03-10T14:00:57.352855
10956,2601209,,2026-02-27,,,56.0,ready,2026-02-28 00:40:51,2026-02-28 00:40:51,VALIDATE,9HNQ34QRK76HX72DHNYXHSJK10,VALID,2026-03-03 17:54:35,2026-03-03 17:54:39,2026-03-10T14:00:57.352855
10957,2601210,,2026-02-27,,,56.0,ready,2026-02-28 00:40:51,2026-02-28 00:40:51,VALIDATE,0GA0D4DNBNKDXF8EHNYXHSJK10,VALID,2026-03-03 17:54:35,2026-03-03 17:54:39,2026-03-10T14:00:57.352855
10958,2601211,,2026-02-27,,,56.0,ready,2026-02-28 00:40:52,2026-02-28 00:40:52,VALIDATE,AFYW0HM4661GN8AWHNYXHSJK10,VALID,2026-03-03 17:54:35,2026-03-03 17:54:39,2026-03-10T14:00:57.352855
10959,2601212,,2026-02-27,,,84.0,ready,2026-02-28 00:40:53,2026-02-28 00:40:53,VALIDATE,4JXK7FW7KY2H3F9CHNYXHSJK10,VALID,2026-03-03 17:54:35,2026-03-03 17:54:39,2026-03-10T14:00:57.352855
10960,2601213,,2026-02-27,,,2080.0,ready,2026-02-28 00:40:53,2026-02-28 00:40:54,VALIDATE,RY33RVHP7Q1WZT63HNYXHSJK10,VALID,2026-03-03 17:54:35,2026-03-03 17:54:39,2026-03-10T14:00:57.352855
10961,2601214,,2026-02-27,,,4323.0,ready,2026-02-28 00:40:55,2026-02-28 00:40:55,VALIDATE,6ZWEA83PTGV9K6A5JNYXHSJK10,VALID,2026-03-03 17:54:35,2026-03-03 17:54:39,2026-03-10T14:00:57.352855
10962,2601215,,2026-02-27,,,6723.5,ready,2026-02-28 00:40:56,2026-02-28 00:40:57,VALIDATE,RETJE2F6XX8WFADSJNYXHSJK10,VALID,2026-03-03 17:54:35,2026-03-03 17:54:39,2026-03-10T14:00:57.352855
10963,2601216,,2026-02-27,,,190.0,ready,2026-02-28 00:40:58,2026-02-28 00:40:58,VALIDATE,A1VX48S8E8Q7XRK0JNYXHSJK10,VALID,2026-03-03 17:54:35,2026-03-03 17:54:39,2026-03-10T14:00:57.352855
10964,2601217,,2026-02-27,,,271.0,ready,2026-02-28 00:40:59,2026-02-28 00:40:59,VALIDATE,01TZ6Q7XW4E7PA5AJNYXHSJK10,VALID,2026-03-03 17:54:35,2026-03-03 17:54:39,2026-03-10T14:00:57.352855
10965,2601218,,2026-02-27,,,16452.25,ready,2026-02-28 00:41:00,2026-02-28 00:41:01,VALIDATE,5K57W65M7XF8C7ZAJNYXHSJK10,VALID,2026-03-03 17:54:35,2026-03-03 17:54:39,2026-03-10T14:00:57.352855
10966,2601219,,2026-02-27,,,2370.5,ready,2026-02-28 00:41:02,2026-02-28 00:41:03,VALIDATE,E8C0YXVPXXTCYN1CJNYXHSJK10,VALID,2026-03-03 17:54:35,2026-03-03 17:54:39,2026-03-10T14:00:57.352855
10967,2601220,,2026-02-27,,,180.0,ready,2026-02-28 00:41:04,2026-02-28 00:41:04,VALIDATE,QYW0EMFPH64SG40FJNYXHSJK10,VALID,2026-03-03 17:54:35,2026-03-03 17:54:39,2026-03-10T14:00:57.352855
10968,2601221,,2026-02-27,,,56.0,ready,2026-02-28 00:41:04,2026-02-28 00:41:04,VALIDATE,EPVWMVZPZT6P3DD7KNYXHSJK10,VALID,2026-03-03 17:54:35,2026-03-03 17:54:39,2026-03-10T14:00:57.352855
10969,2601222,,2026-02-27,,,313.0,ready,2026-02-28 00:41:05,2026-02-28 00:41:05,VALIDATE,Q70YPQ36S4ZME8P8KNYXHSJK10,VALID,2026-03-03 17:54:35,2026-03-03 17:54:39,2026-03-10T14:00:57.352855
10970,2601223,,2026-02-27,,,270.0,ready,2026-02-28 00:41:06,2026-02-28 00:41:06,VALIDATE,MZ367RW0VNFDQJZMKNYXHSJK10,VALID,2026-03-03 17:54:35,2026-03-03 17:54:39,2026-03-10T14:00:57.352855
10971,2601224,,2026-02-27,,,180.0,ready,2026-02-28 00:41:07,2026-02-28 00:41:07,VALIDATE,W2WFH752SRV2DC78KNYXHSJK10,VALID,2026-03-03 17:54:35,2026-03-03 17:54:39,2026-03-10T14:00:57.352855
10972,2601225,,2026-02-27,,,515.0,ready,2026-02-28 00:41:07,2026-02-28 00:41:07,VALIDATE,RH2WCZP1601E01B5KNYXHSJK10,VALID,2026-03-03 17:54:35,2026-03-03 17:54:39,2026-03-10T14:00:57.352855
10973,2601226,,2026-02-27,,,84.0,ready,2026-02-28 00:41:08,2026-02-28 00:41:08,VALIDATE,0A55QFZTP6S1JE5TKNYXHSJK10,VALID,2026-03-03 17:54:35,2026-03-03 17:54:39,2026-03-10T14:00:57.352855
10974,2601227,,2026-02-27,,,590.0,ready,2026-02-28 00:41:09,2026-02-28 00:41:09,VALIDATE,FS08Z927KHJMVNC1KNYXHSJK10,VALID,2026-03-03 17:54:35,2026-03-03 17:54:39,2026-03-10T14:00:57.352855
10975,2601228,,2026-02-27,,,1335.0,ready,2026-02-28 00:41:09,2026-02-28 00:41:09,VALIDATE,R2PF40CFC3B8AHNQMNYXHSJK10,VALID,2026-03-03 17:54:35,2026-03-03 17:54:39,2026-03-10T14:00:57.352855
10976,SB77058,,2026-02-27,,,84.0,ready,2026-02-28 00:41:40,2026-02-28 00:41:40,VALIDATE,8SXPPD3VEJY1906JMNYXHSJK10,VALID,2026-03-03 17:54:35,2026-03-03 17:54:39,2026-03-10T14:00:57.352855
10977,TJ22231,,2026-02-27,,,63.6,ready,2026-02-28 00:41:41,2026-02-28 00:41:41,VALIDATE,D3YNTR9MQ4W855H9MNYXHSJK10,VALID,2026-03-03 17:54:36,2026-03-03 17:54:39,2026-03-10T14:00:57.352855
10822,2601090,,2026-02-26,,,1436.0,ready,2026-02-27 00:39:24,2026-02-27 00:39:24,VALIDATE,394WQ5H52QC8JK21XFKZHSJK10,VALID,2026-03-03 17:55:31,2026-03-03 17:55:32,2026-03-10T14:00:56.816215
10823,2601091,,2026-02-26,,,493.0,ready,2026-02-27 00:39:25,2026-02-27 00:39:25,VALIDATE,FKX915ZJ5ZA2PF4NXFKZHSJK10,VALID,2026-03-03 17:55:31,2026-03-03 17:55:32,2026-03-10T14:00:56.816215
10824,2601092,,2026-02-26,,,792.0,ready,2026-02-27 00:39:26,2026-02-27 00:39:26,VALIDATE,KVMRP6HQRN1B8EDVXFKZHSJK10,VALID,2026-03-03 17:55:31,2026-03-03 17:55:32,2026-03-10T14:00:56.816215
10825,2601093,,2026-02-26,,,25.8,ready,2026-02-27 00:39:27,2026-02-27 00:39:27,VALIDATE,N41678AGKQ22Z6FMXFKZHSJK10,VALID,2026-03-03 17:55:31,2026-03-03 17:55:32,2026-03-10T14:00:56.816215
10826,2601094,,2026-02-26,,,328.0,ready,2026-02-27 00:39:28,2026-02-27 00:39:28,VALIDATE,5AFRBNE0GE6660M1XFKZHSJK10,VALID,2026-03-03 17:55:31,2026-03-03 17:55:32,2026-03-10T14:00:56.816215
10827,2601095,,2026-02-26,,,1236.0,ready,2026-02-27 00:39:29,2026-02-27 00:39:29,VALIDATE,XG8XC8NXGB0YTTDBXFKZHSJK10,VALID,2026-03-03 17:55:31,2026-03-03 17:55:32,2026-03-10T14:00:56.816215
10828,2601096,,2026-02-26,,,169.5,ready,2026-02-27 00:39:29,2026-02-27 00:39:30,VALIDATE,TSZ3TD654KRYAE3ZXFKZHSJK10,VALID,2026-03-03 17:55:31,2026-03-03 17:55:32,2026-03-10T14:00:56.816215
10829,2601097,,2026-02-26,,,328.0,ready,2026-02-27 00:39:30,2026-02-27 00:39:31,VALIDATE,V502AXVMPBMTK43VXFKZHSJK10,VALID,2026-03-03 17:55:31,2026-03-03 17:55:32,2026-03-10T14:00:56.816215
10830,2601098,,2026-02-26,,,523.0,ready,2026-02-27 00:39:31,2026-02-27 00:39:31,VALIDATE,Y1WXQYVJAQ5GNEKZXFKZHSJK10,VALID,2026-03-03 17:55:31,2026-03-03 17:55:32,2026-03-10T14:00:56.816215
10831,2601099,,2026-02-26,,,610.0,ready,2026-02-27 00:39:32,2026-02-27 00:39:32,VALIDATE,SMDM98V7MVEBS540XFKZHSJK10,VALID,2026-03-03 17:55:31,2026-03-03 17:55:32,2026-03-10T14:00:56.816215
10832,2601100,,2026-02-26,,,2496.0,ready,2026-02-27 00:39:33,2026-02-27 00:39:34,VALIDATE,CA1JPB01WPY18EMGYFKZHSJK10,VALID,2026-03-03 17:55:31,2026-03-03 17:55:32,2026-03-10T14:00:56.816215
10833,2601101,,2026-02-26,,,2536.0,ready,2026-02-27 00:39:35,2026-02-27 00:39:35,VALIDATE,A89YHVS5JKMBCW2MYFKZHSJK10,VALID,2026-03-03 17:55:31,2026-03-03 17:55:32,2026-03-10T14:00:56.816215
10834,2601102,,2026-02-26,,,1193.0,ready,2026-02-27 00:39:36,2026-02-27 00:39:36,VALIDATE,3ZN71VT6FESRGRHQYFKZHSJK10,VALID,2026-03-03 17:55:31,2026-03-03 17:55:32,2026-03-10T14:00:56.816215
10835,2601103,,2026-02-26,,,722.5,ready,2026-02-27 00:39:37,2026-02-27 00:39:38,NORMAL,,,,,2026-03-10T14:00:56.816215
10836,2601104,,2026-02-26,,,17.2,ready,2026-02-27 00:39:39,2026-02-27 00:39:39,NORMAL,,,,,2026-03-10T14:00:56.816215
10837,2601105,,2026-02-26,,,1291.0,ready,2026-02-27 00:39:40,2026-02-27 00:39:40,VALIDATE,M4EGH9JK39XEYCWZYFKZHSJK10,VALID,2026-03-03 17:55:31,2026-03-03 17:55:32,2026-03-10T14:00:56.816215
10838,2601106,,2026-02-26,,,2239.25,ready,2026-02-27 00:39:41,2026-02-27 00:39:42,VALIDATE,XS3VV8CS5QENE7Q5YFKZHSJK10,VALID,2026-03-03 17:55:31,2026-03-03 17:55:32,2026-03-10T14:00:56.816215
10839,2601107,,2026-02-26,,,460.2,ready,2026-02-27 00:39:43,2026-02-27 00:39:43,VALIDATE,PKS8KPCYBPM7CP32YFKZHSJK10,VALID,2026-03-03 17:55:31,2026-03-03 17:55:32,2026-03-10T14:00:56.816215
10840,2601108,,2026-02-26,,,4032.0,ready,2026-02-27 00:39:44,2026-02-27 00:39:44,VALIDATE,NTQF3J4A558FFRNZYFKZHSJK10,VALID,2026-03-03 17:55:31,2026-03-03 17:55:32,2026-03-10T14:00:56.816215
10841,2601110,,2026-02-26,,,1961.0,ready,2026-02-27 00:39:46,2026-02-27 00:39:46,VALIDATE,HKZ8FS1A5AV0CA1RZFKZHSJK10,VALID,2026-03-03 17:55:31,2026-03-03 17:55:32,2026-03-10T14:00:56.816215
10842,2601111,,2026-02-26,,,187.59,ready,2026-02-27 00:39:47,2026-02-27 00:39:47,EXTERNAL,,,,,2026-03-10T14:00:56.816215
10843,2601112,,2026-02-26,,,215.91,ready,2026-02-27 00:39:47,2026-02-27 00:39:47,EXTERNAL,,,,,2026-03-10T14:00:56.816215
10844,2601113,,2026-02-26,,,222.59,ready,2026-02-27 00:39:48,2026-02-27 00:39:48,EXTERNAL,,,,,2026-03-10T14:00:56.816215
10845,2601114,,2026-02-26,,,222.59,ready,2026-02-27 00:39:49,2026-02-27 00:39:49,EXTERNAL,,,,,2026-03-10T14:00:56.816215
10846,2601115,,2026-02-26,,,187.59,ready,2026-02-27 00:39:49,2026-02-27 00:39:50,EXTERNAL,,,,,2026-03-10T14:00:56.816215
10847,2601116,,2026-02-26,,,355.0,ready,2026-02-27 00:39:50,2026-02-27 00:39:50,EXTERNAL,,,,,2026-03-10T14:00:56.816215
10848,2601117,,2026-02-26,,,576.0,ready,2026-02-27 00:39:51,2026-02-27 00:39:51,EXTERNAL,,,,,2026-03-10T14:00:56.816215
10849,2601118,,2026-02-26,,,434.0,ready,2026-02-27 00:39:52,2026-02-27 00:39:52,EXTERNAL,,,,,2026-03-10T14:00:56.816215
10850,2601119,,2026-02-26,,,445.0,ready,2026-02-27 00:39:52,2026-02-27 00:39:52,EXTERNAL,,,,,2026-03-10T14:00:56.816215
10851,2601120,,2026-02-26,,,337.0,ready,2026-02-27 00:39:53,2026-02-27 00:39:53,EXTERNAL,,,,,2026-03-10T14:00:56.816215
10852,2601121,,2026-02-26,,,248.0,ready,2026-02-27 00:39:54,2026-02-27 00:39:54,EXTERNAL,,,,,2026-03-10T14:00:56.816215
10853,SB76553,,2026-02-26,,,66.0,ready,2026-02-27 00:40:24,2026-03-04 17:13:12,VALIDATE,5EYA1JVHQ5FV0ZSG1D5ZHSJK10,VALID,2026-03-03 17:55:17,2026-03-03 17:55:17,2026-03-10T14:00:56.816215
10854,SB76555,,2026-02-26,,,48.0,ready,2026-02-27 00:40:25,2026-02-27 00:40:25,VALIDATE,35QJWWT5JFBBGFMQ1D5ZHSJK10,VALID,2026-03-03 17:55:17,2026-03-03 17:55:17,2026-03-10T14:00:56.816215
10855,TJ22230,,2026-02-26,,,63.6,ready,2026-02-27 00:40:25,2026-02-27 00:40:26,VALIDATE,BRR3SP3N38QNBTSF2D5ZHSJK10,VALID,2026-03-03 17:55:17,2026-03-03 17:55:17,2026-03-10T14:00:56.816215
10771,2601055,,2026-02-25,,,593.0,ready,2026-02-26 00:40:41,2026-02-26 00:40:41,VALIDATE,55T5Y13GSYPA5D8WF4A0JSJK10,VALID,2026-03-03 17:55:53,2026-03-03 17:55:55,2026-03-10T14:00:56.043009
10772,2601056,,2026-02-25,,,770.0,ready,2026-02-26 00:40:42,2026-02-26 00:40:42,VALIDATE,5ED4BDJ610XMBFBFF4A0JSJK10,VALID,2026-03-03 17:55:53,2026-03-03 17:55:55,2026-03-10T14:00:56.043009
10773,2601057,,2026-02-25,,,114.0,ready,2026-02-26 00:40:43,2026-02-26 00:40:43,VALIDATE,YZYYJG2V4MTMZBDFF4A0JSJK10,VALID,2026-03-03 17:55:53,2026-03-03 17:55:55,2026-03-10T14:00:56.043009
10774,2601058,,2026-02-25,,,4376.0,ready,2026-02-26 00:40:44,2026-02-26 00:40:44,VALIDATE,NKF9DEFWPCRRJVW7F4A0JSJK10,VALID,2026-03-03 17:55:53,2026-03-03 17:55:55,2026-03-10T14:00:56.043009
10775,2601059,,2026-02-25,,,4092.0,ready,2026-02-26 00:40:46,2026-02-26 00:40:46,VALIDATE,7XB5EFF2SEEFTBC7G4A0JSJK10,VALID,2026-03-03 17:55:53,2026-03-03 17:55:55,2026-03-10T14:00:56.043009
10776,2601060,,2026-02-25,,,814.5,ready,2026-02-26 00:40:48,2026-02-26 00:40:48,VALIDATE,85VM6X02F40MMT6YG4A0JSJK10,VALID,2026-03-03 17:55:53,2026-03-03 17:55:55,2026-03-10T14:00:56.043009
10777,2601061,,2026-02-25,,,1310.5,ready,2026-02-26 00:40:49,2026-02-26 00:40:50,VALIDATE,ARR5XPH0182ZF9CDG4A0JSJK10,VALID,2026-03-03 17:55:53,2026-03-03 17:55:55,2026-03-10T14:00:56.043009
10778,2601062,,2026-02-25,,,942.0,ready,2026-02-26 00:40:51,2026-02-26 00:40:51,VALIDATE,ZX5TE8VPCHR5HRQQG4A0JSJK10,VALID,2026-03-03 17:55:53,2026-03-03 17:55:55,2026-03-10T14:00:56.043009
10779,2601063,,2026-02-25,,,371.5,ready,2026-02-26 00:40:53,2026-02-26 00:40:53,VALIDATE,2MP20FS5XSHTTYJFG4A0JSJK10,VALID,2026-03-03 17:55:53,2026-03-03 17:55:55,2026-03-10T14:00:56.043009
10780,2601064,,2026-02-25,,,891.5,ready,2026-02-26 00:40:54,2026-02-26 00:40:54,VALIDATE,3GJ46H8WHTTEQZ2FH4A0JSJK10,VALID,2026-03-03 17:55:53,2026-03-03 17:55:55,2026-03-10T14:00:56.043009
10781,2601065,,2026-02-25,,,605.0,ready,2026-02-26 00:40:55,2026-02-26 00:40:56,VALIDATE,M62VMQYWQG4Y8VJRH4A0JSJK10,VALID,2026-03-03 17:55:53,2026-03-03 17:55:55,2026-03-10T14:00:56.043009
10782,2601066,,2026-02-25,,,535.5,ready,2026-02-26 00:40:57,2026-02-26 00:40:57,VALIDATE,6GYW4PN7J4C0WBGSH4A0JSJK10,VALID,2026-03-03 17:55:53,2026-03-03 17:55:55,2026-03-10T14:00:56.043009
10783,2601067,,2026-02-25,,,253.0,ready,2026-02-26 00:40:58,2026-02-26 00:40:59,VALIDATE,EZSBCAJEV5RKDZ11H4A0JSJK10,VALID,2026-03-03 17:55:53,2026-03-03 17:55:55,2026-03-10T14:00:56.043009
10784,2601068,,2026-02-25,,,132.5,ready,2026-02-26 00:41:00,2026-02-26 00:41:00,VALIDATE,KP7WF6Y51DJGWSXRH4A0JSJK10,VALID,2026-03-03 17:55:53,2026-03-03 17:55:55,2026-03-10T14:00:56.043009
10785,2601069,,2026-02-25,,,1588.5,ready,2026-02-26 00:41:01,2026-03-04 17:13:12,VALIDATE,JN540SMM049EKEJ2H4A0JSJK10,VALID,2026-03-03 17:55:53,2026-03-03 17:55:55,2026-03-10T14:00:56.043009
10786,2601070,,2026-02-25,,,218.5,ready,2026-02-26 00:41:02,2026-02-26 00:41:02,VALIDATE,XHNWAHCXJR7XEFDHJ4A0JSJK10,VALID,2026-03-03 17:55:53,2026-03-03 17:55:55,2026-03-10T14:00:56.043009
10787,2601071,,2026-02-25,,,397.5,ready,2026-02-26 00:41:03,2026-02-26 00:41:04,VALIDATE,2XC0J1HCZPX2PX57J4A0JSJK10,VALID,2026-03-03 17:55:54,2026-03-03 17:55:55,2026-03-10T14:00:56.043009
10788,2601072,,2026-02-25,,,349.0,ready,2026-02-26 00:41:05,2026-02-26 00:41:05,VALIDATE,M044TWHZNKB5T7NRJ4A0JSJK10,VALID,2026-03-03 17:55:54,2026-03-03 17:55:55,2026-03-10T14:00:56.043009
10789,2601073,,2026-02-25,,,6857.5,ready,2026-02-26 00:41:06,2026-02-26 00:41:06,VALIDATE,VVGETE5NGNMWMEV2J4A0JSJK10,VALID,2026-03-03 17:55:54,2026-03-03 17:55:55,2026-03-10T14:00:56.043009
10790,2601074,,2026-02-25,,,279.5,ready,2026-02-26 00:41:08,2026-02-26 00:41:08,NORMAL,,,,,2026-03-10T14:00:56.043009
10791,2601075,,2026-02-25,,,236.5,ready,2026-02-26 00:41:09,2026-02-26 00:41:10,NORMAL,,,,,2026-03-10T14:00:56.043009
10792,2601076,,2026-02-25,,,2415.0,ready,2026-02-26 00:41:11,2026-02-26 00:41:11,VALIDATE,M4XNXRME77ES1KP7J4A0JSJK10,VALID,2026-03-03 17:55:54,2026-03-03 17:55:56,2026-03-10T14:00:56.043009
10793,2601077,,2026-02-25,,,354.5,ready,2026-02-26 00:41:13,2026-02-26 00:41:13,VALIDATE,EKP7ZMQAKEPRVKWMK4A0JSJK10,VALID,2026-03-03 17:55:54,2026-03-03 17:55:55,2026-03-10T14:00:56.043009
10794,2601078,,2026-02-25,,,805.5,ready,2026-02-26 00:41:14,2026-02-26 00:41:14,VALIDATE,B0X1RVX59AJ4D5X1K4A0JSJK10,VALID,2026-03-03 17:55:54,2026-03-03 17:55:55,2026-03-10T14:00:56.043009
10795,2601079,,2026-02-25,,,461.0,ready,2026-02-26 00:41:15,2026-02-26 00:41:15,VALIDATE,99KT9B40NQWCMBJ3K4A0JSJK10,VALID,2026-03-03 17:55:54,2026-03-03 17:55:55,2026-03-10T14:00:56.043009
10796,2601080,,2026-02-25,,,910.0,ready,2026-02-26 00:41:16,2026-02-26 00:41:16,VALIDATE,VMGYGDE4R1MFBWC2K4A0JSJK10,VALID,2026-03-03 17:55:54,2026-03-03 17:55:55,2026-03-10T14:00:56.043009
10797,2601081,,2026-02-25,,,2063.0,ready,2026-02-26 00:41:18,2026-02-26 00:41:18,VALIDATE,PX23874B2XXH01NHK4A0JSJK10,VALID,2026-03-03 17:55:54,2026-03-03 17:55:55,2026-03-10T14:00:56.043009
10798,2601082,,2026-02-25,,,2220.0,ready,2026-02-26 00:41:19,2026-02-26 00:41:19,VALIDATE,ARHRE6W2EGM44WG6K4A0JSJK10,VALID,2026-03-03 17:55:54,2026-03-03 17:55:55,2026-03-10T14:00:56.043009
10799,2601083,,2026-02-25,,,2045.0,ready,2026-02-26 00:41:20,2026-02-26 00:41:20,VALIDATE,4XAV8B4JTX2ZQ99EM4A0JSJK10,VALID,2026-03-03 17:55:54,2026-03-03 17:55:55,2026-03-10T14:00:56.043009
10800,2601084,,2026-02-25,,,2384.0,ready,2026-02-26 00:41:21,2026-02-26 00:41:21,VALIDATE,A51MADBRBTY8CRPMM4A0JSJK10,VALID,2026-03-03 17:55:54,2026-03-03 17:55:55,2026-03-10T14:00:56.043009
10801,2601085,,2026-02-25,,,780.0,ready,2026-02-26 00:41:22,2026-02-26 00:41:22,VALIDATE,SXVRJWYBMRZ9FJBVM4A0JSJK10,VALID,2026-03-03 17:55:54,2026-03-03 17:55:55,2026-03-10T14:00:56.043009
10802,2601086,,2026-02-25,,,2505.0,ready,2026-02-26 00:41:23,2026-02-26 00:41:23,VALIDATE,MHMSYTCG7VHZF2J7M4A0JSJK10,VALID,2026-03-03 17:55:54,2026-03-03 17:55:55,2026-03-10T14:00:56.816215
10803,2601087,,2026-02-25,,,1300.0,ready,2026-02-26 00:41:24,2026-02-26 00:41:24,VALIDATE,GNW6FB0CF8D6KDNSM4A0JSJK10,VALID,2026-03-03 17:55:54,2026-03-03 17:55:55,2026-03-10T14:00:56.816215
10804,2601088,,2026-02-25,,,4457.5,ready,2026-02-26 00:41:24,2026-02-26 00:41:24,VALIDATE,2A695VJ6THF28TNEM4A0JSJK10,VALID,2026-03-03 17:55:54,2026-03-03 17:55:55,2026-03-10T14:00:56.816215
10805,2601089,,2026-02-25,,,319.0,ready,2026-02-26 00:41:25,2026-02-26 00:41:25,VALIDATE,3H8JRGZD98P8E3VPM4A0JSJK10,VALID,2026-03-03 17:55:54,2026-03-03 17:55:55,2026-03-10T14:00:56.816215
10806,SB75846,,2026-02-25,,,48.0,ready,2026-02-26 00:41:54,2026-02-26 00:41:55,VALIDATE,SR7VSPBZ2XWJ189EM4A0JSJK10,VALID,2026-03-03 17:55:54,2026-03-03 17:55:55,2026-03-10T14:00:56.816215
10743,2601034,,2026-02-24,,,972.0,ready,2026-02-25 00:40:21,2026-02-25 00:40:21,VALIDATE,KY23BR2Y7TKKE3SQWN91JSJK10,VALID,2026-03-03 17:56:26,2026-03-03 17:56:27,2026-03-10T14:00:56.043009
10744,2601035,,2026-02-24,,,1215.0,ready,2026-02-25 00:40:21,2026-02-25 00:40:22,VALIDATE,132GW41GJC59DWK8WN91JSJK10,VALID,2026-03-03 17:56:26,2026-03-03 17:56:27,2026-03-10T14:00:56.043009
10745,2601036,,2026-02-24,,,6236.6,ready,2026-02-25 00:40:22,2026-02-25 00:40:23,VALIDATE,H1AX3VY6Y0JC7CQHXN91JSJK10,VALID,2026-03-03 17:56:26,2026-03-03 17:56:27,2026-03-10T14:00:56.043009
10746,2601037,,2026-02-24,,,616.0,ready,2026-02-25 00:40:24,2026-02-25 00:40:24,VALIDATE,QQ1AA2X9FBZ198D3XN91JSJK10,VALID,2026-03-03 17:56:26,2026-03-03 17:56:27,2026-03-10T14:00:56.043009
10747,2601038,,2026-02-24,,,984.0,ready,2026-02-25 00:40:26,2026-02-25 00:40:26,VALIDATE,TSNTHGM6VNKE7E8XXN91JSJK10,VALID,2026-03-03 17:56:26,2026-03-03 17:56:27,2026-03-10T14:00:56.043009
10748,2601039,,2026-02-24,,,224.0,ready,2026-02-25 00:40:27,2026-02-25 00:40:27,VALIDATE,BD5XV5THSQW4HHP1XN91JSJK10,VALID,2026-03-03 17:56:26,2026-03-03 17:56:27,2026-03-10T14:00:56.043009
10749,2601040,,2026-02-24,,,112.0,ready,2026-02-25 00:40:27,2026-02-25 00:40:27,VALIDATE,V4ZBGHNP007AETHNXN91JSJK10,VALID,2026-03-03 17:56:26,2026-03-03 17:56:27,2026-03-10T14:00:56.043009
10750,2601041,,2026-02-24,,,1651.0,ready,2026-02-25 00:40:28,2026-02-25 00:40:29,VALIDATE,SKZYJDA51F79YD7MYN91JSJK10,VALID,2026-03-03 17:56:26,2026-03-03 17:56:27,2026-03-10T14:00:56.043009
10751,2601042,,2026-02-24,,,180.85,ready,2026-02-25 00:40:30,2026-02-25 00:40:30,VALIDATE,PFG9DBKG9JW8MYY2YN91JSJK10,VALID,2026-03-03 17:56:26,2026-03-03 17:56:27,2026-03-10T14:00:56.043009
10752,2601043,,2026-02-24,,,114.0,ready,2026-02-25 00:40:31,2026-02-25 00:40:31,VALIDATE,K0JQT0H9KT0SJPDMYN91JSJK10,VALID,2026-03-03 17:56:26,2026-03-03 17:56:27,2026-03-10T14:00:56.043009
10753,2601044,,2026-02-24,,,713.0,ready,2026-02-25 00:40:32,2026-02-25 00:40:32,VALIDATE,CQZ4VF0WQJ9JABWQYN91JSJK10,VALID,2026-03-03 17:56:26,2026-03-03 17:56:27,2026-03-10T14:00:56.043009
10754,2601045,,2026-02-24,,,85.0,ready,2026-02-25 00:40:33,2026-02-25 00:40:33,VALIDATE,JE5Y13H1WPCKXCKZZN91JSJK10,VALID,2026-03-03 17:56:26,2026-03-03 17:56:27,2026-03-10T14:00:56.043009
10755,2601046,,2026-02-24,,,1531.5,ready,2026-02-25 00:40:34,2026-02-25 00:40:34,VALIDATE,NDM3TS6JBW6107B0ZN91JSJK10,VALID,2026-03-03 17:56:26,2026-03-03 17:56:27,2026-03-10T14:00:56.043009
10756,2601047,,2026-02-24,,,1017.1,ready,2026-02-25 00:40:35,2026-02-25 00:40:35,VALIDATE,PXRXKFY7D1RV0XVAZN91JSJK10,VALID,2026-03-03 17:56:26,2026-03-03 17:56:27,2026-03-10T14:00:56.043009
10757,2601048,,2026-02-24,,,379.0,ready,2026-02-25 00:40:36,2026-02-25 00:40:36,EXTERNAL,,,,,2026-03-10T14:00:56.043009
10758,2601049,,2026-02-24,,,286.2,ready,2026-02-25 00:40:37,2026-02-25 00:40:37,EXTERNAL,,,,,2026-03-10T14:00:56.043009
10759,2601050,,2026-02-24,,,241.2,ready,2026-02-25 00:40:38,2026-02-25 00:40:38,EXTERNAL,,,,,2026-03-10T14:00:56.043009
10760,2601051,,2026-02-24,,,2210.0,ready,2026-02-25 00:40:38,2026-02-25 00:40:39,VALIDATE,8QW4NFWG582J0HGVZN91JSJK10,VALID,2026-03-03 17:56:26,2026-03-03 17:56:27,2026-03-10T14:00:56.043009
10761,2601052,,2026-02-24,,,1550.0,ready,2026-02-25 00:40:40,2026-02-25 00:40:40,VALIDATE,J3KJS8FY4SX3KG7AZN91JSJK10,VALID,2026-03-03 17:56:26,2026-03-03 17:56:27,2026-03-10T14:00:56.043009
10762,2601053,,2026-02-24,,,150.0,ready,2026-02-25 00:40:40,2026-02-25 00:40:41,VALIDATE,VQCAM3FDNZFC88TXZN91JSJK10,VALID,2026-03-03 17:56:26,2026-03-03 17:56:27,2026-03-10T14:00:56.043009
10763,2601054,,2026-02-24,,,1825.0,ready,2026-02-25 00:40:41,2026-02-25 00:40:42,VALIDATE,QAGBCZAE4BANYQMK0P91JSJK10,VALID,2026-03-03 17:56:26,2026-03-03 17:56:27,2026-03-10T14:00:56.043009
10764,SB76475,,2026-02-24,,,63.6,ready,2026-02-25 00:41:11,2026-02-25 00:41:11,VALIDATE,CXSEVY3D9M0G6F0F0P91JSJK10,VALID,2026-03-03 17:56:27,2026-03-03 17:56:27,2026-03-10T14:00:56.043009
10765,SB76557,,2026-02-24,,,60.0,ready,2026-02-25 00:41:12,2026-02-25 00:41:12,VALIDATE,DWGX6XSY80P0Q6S10P91JSJK10,VALID,2026-03-03 17:56:27,2026-03-03 17:56:27,2026-03-10T14:00:56.043009
10766,TJ22229,,2026-02-24,,,63.6,ready,2026-02-25 00:41:12,2026-02-25 00:41:12,VALIDATE,FBJ6P10ZCDE986RT0P91JSJK10,VALID,2026-03-03 17:56:27,2026-03-03 17:56:27,2026-03-10T14:00:56.043009
10697,2600993,,2026-02-23,,,2437.5,ready,2026-02-24 00:39:19,2026-02-24 00:39:19,VALIDATE,H6MK9RHFGS7F5SJQQQKQG7JK10,VALID,2026-02-24 17:47:18,2026-02-24 17:47:22,2026-03-10T14:00:56.043009
10698,2600994,,2026-02-23,,,337.0,ready,2026-02-24 00:39:20,2026-02-24 00:39:20,EXTERNAL,,,,,2026-03-10T14:00:56.043009
10699,2600995,,2026-02-23,,,308.0,ready,2026-02-24 00:39:20,2026-02-24 00:39:21,EXTERNAL,,,,,2026-03-10T14:00:56.043009
10700,2600996,,2026-02-23,,,455.0,ready,2026-02-24 00:39:21,2026-02-24 00:39:21,EXTERNAL,,,,,2026-03-10T14:00:56.043009
10701,2600997,,2026-02-23,,,308.0,ready,2026-02-24 00:39:22,2026-02-24 00:39:22,EXTERNAL,,,,,2026-03-10T14:00:56.043009
10702,2600998,,2026-02-23,,,292.56,ready,2026-02-24 00:39:22,2026-02-24 00:39:22,EXTERNAL,,,,,2026-03-10T14:00:56.043009
10703,2600999,,2026-02-23,,,299.0,ready,2026-02-24 00:39:23,2026-02-24 00:39:23,EXTERNAL,,,,,2026-03-10T14:00:56.043009
10704,2601000,,2026-02-23,,,482.1,ready,2026-02-24 00:39:24,2026-02-24 00:39:24,EXTERNAL,,,,,2026-03-10T14:00:56.043009
10705,2601001,,2026-02-23,,,1204.0,ready,2026-02-24 00:39:24,2026-02-24 00:39:25,VALIDATE,53DVWW6T9ACZ4M2RQQKQG7JK10,VALID,2026-02-24 17:47:18,2026-02-24 17:47:22,2026-03-10T14:00:56.043009
10706,2601002,,2026-02-23,,,108.5,ready,2026-02-24 00:39:26,2026-02-24 00:39:26,VALIDATE,ZD562A0E13ZFCVVKQQKQG7JK10,VALID,2026-02-24 17:47:18,2026-02-24 17:47:22,2026-03-10T14:00:56.043009
10707,2601003,,2026-02-23,,,8400.0,ready,2026-02-24 00:39:26,2026-02-24 00:39:26,VALIDATE,BYKCHHX23EXECSZ7RQKQG7JK10,VALID,2026-02-24 17:47:18,2026-02-24 17:47:22,2026-03-10T14:00:56.043009
10708,2601004,,2026-02-23,,,358.0,ready,2026-02-24 00:39:27,2026-02-24 00:39:27,EXTERNAL,,,,,2026-03-10T14:00:56.043009
10709,2601005,,2026-02-23,,,358.0,ready,2026-02-24 00:39:28,2026-02-24 00:39:28,EXTERNAL,,,,,2026-03-10T14:00:56.043009
10710,2601006,,2026-02-23,,,308.0,ready,2026-02-24 00:39:29,2026-02-24 00:39:29,EXTERNAL,,,,,2026-03-10T14:00:56.043009
10711,2601007,,2026-02-23,,,298.0,ready,2026-02-24 00:39:29,2026-02-24 00:39:29,EXTERNAL,,,,,2026-03-10T14:00:56.043009
10712,2601008,,2026-02-23,,,586.5,ready,2026-02-24 00:39:30,2026-02-24 00:39:30,VALIDATE,6KMMPB2CS6T97M3CRQKQG7JK10,VALID,2026-02-24 17:47:18,2026-02-24 17:47:22,2026-03-10T14:00:56.043009
10713,2601009,,2026-02-23,,,625.0,ready,2026-02-24 00:39:31,2026-02-24 00:39:31,VALIDATE,F6D0KCXT3DA3X2TGTQKQG7JK10,VALID,2026-02-24 17:47:18,2026-02-24 17:47:22,2026-03-10T14:00:56.043009
10714,2601010,,2026-02-23,,,125.0,ready,2026-02-24 00:39:32,2026-03-04 17:13:11,VALIDATE,30VGNPWAJEKH3EZTTQKQG7JK10,VALID,2026-02-24 17:47:18,2026-02-24 17:47:22,2026-03-10T14:00:56.043009
10715,2601011,,2026-02-23,,,215.0,ready,2026-02-24 00:39:32,2026-03-04 17:13:12,VALIDATE,VEC4EQ0D0W2B13GBTQKQG7JK10,VALID,2026-02-24 17:47:18,2026-02-24 17:47:22,2026-03-10T14:00:56.043009
10716,2601012,,2026-02-23,,,5001.0,ready,2026-02-24 00:39:33,2026-02-24 00:39:33,VALIDATE,CFDYQCDRS23WACBPTQKQG7JK10,VALID,2026-02-24 17:47:18,2026-02-24 17:47:22,2026-03-10T14:00:56.043009
10717,2601013,,2026-02-23,,,3775.0,ready,2026-02-24 00:39:35,2026-02-24 00:39:35,VALIDATE,S4EEDFBMSQXPTFASTQKQG7JK10,VALID,2026-02-24 17:47:18,2026-02-24 17:47:22,2026-03-10T14:00:56.043009
10718,2601014,,2026-02-23,,,1220.5,ready,2026-02-24 00:39:36,2026-02-24 00:39:36,VALIDATE,T33Y3C72WNMJ9CS6TQKQG7JK10,VALID,2026-02-24 17:47:18,2026-02-24 17:47:22,2026-03-10T14:00:56.043009
10719,2601015,,2026-02-23,,,880.0,ready,2026-02-24 00:39:37,2026-02-24 00:39:38,VALIDATE,4F06ZBRZ5FRGMM47VQKQG7JK10,VALID,2026-02-24 17:47:18,2026-02-24 17:47:22,2026-03-10T14:00:56.043009
10720,2601016,,2026-02-23,,,2227.4,ready,2026-02-24 00:39:38,2026-02-24 00:39:39,VALIDATE,5GA0WX019ZRH3SAAVQKQG7JK10,VALID,2026-02-24 17:47:18,2026-02-24 17:47:22,2026-03-10T14:00:56.043009
10721,2601017,,2026-02-23,,,478.0,ready,2026-02-24 00:39:40,2026-02-24 00:39:40,VALIDATE,VT86JC87AWA86RXXVQKQG7JK10,VALID,2026-02-24 17:47:18,2026-02-24 17:47:22,2026-03-10T14:00:56.043009
10722,2601018,,2026-02-23,,,2361.5,ready,2026-02-24 00:39:41,2026-02-24 00:39:41,VALIDATE,YT47FWPP7Y1X6AYEVQKQG7JK10,VALID,2026-02-24 17:47:18,2026-02-24 17:47:22,2026-03-10T14:00:56.043009
10723,2601019,,2026-02-23,,,240.0,ready,2026-02-24 00:39:42,2026-02-24 00:39:42,VALIDATE,7ZECSKNPD3SBF6HSVQKQG7JK10,VALID,2026-02-24 17:47:18,2026-02-24 17:47:22,2026-03-10T14:00:56.043009
10724,2601020,,2026-02-23,,,1000.0,ready,2026-02-24 00:39:43,2026-02-24 00:39:43,VALIDATE,M8WTBTF0G6B3QJ7MVQKQG7JK10,VALID,2026-02-24 17:47:18,2026-02-24 17:47:22,2026-03-10T14:00:56.043009
10725,2601021,,2026-02-23,,,57.0,ready,2026-02-24 00:39:44,2026-02-24 00:39:44,VALIDATE,EM81322XM2VQ3S96VQKQG7JK10,VALID,2026-02-24 17:47:18,2026-02-24 17:47:22,2026-03-10T14:00:56.043009
10726,2601022,,2026-02-23,,,2329.0,ready,2026-02-24 00:39:44,2026-02-24 00:39:45,VALIDATE,3YEF498EDTSVS73CVQKQG7JK10,VALID,2026-02-24 17:47:18,2026-02-24 17:47:22,2026-03-10T14:00:56.043009
10727,2601023,,2026-02-23,,,880.0,ready,2026-02-24 00:39:46,2026-02-24 00:39:46,VALIDATE,3HBR2AQA2KGZ99DMVQKQG7JK10,VALID,2026-02-24 17:47:18,2026-02-24 17:47:22,2026-03-10T14:00:56.043009
10728,2601024,,2026-02-23,,,880.0,ready,2026-02-24 00:39:47,2026-02-24 00:39:47,VALIDATE,4JC47H777AJW5CSZWQKQG7JK10,VALID,2026-02-24 17:47:18,2026-02-24 17:47:22,2026-03-10T14:00:56.043009
10729,2601025,,2026-02-23,,,254.0,ready,2026-02-24 00:39:48,2026-02-24 00:39:48,VALIDATE,ST6NDJHSEGGX2G3AWQKQG7JK10,VALID,2026-02-24 17:47:18,2026-02-24 17:47:22,2026-03-10T14:00:56.043009
10730,2601026,,2026-02-23,,,3435.5,ready,2026-02-24 00:39:49,2026-02-24 00:39:49,VALIDATE,BZQEWRNMWK00J1P0WQKQG7JK10,VALID,2026-02-24 17:47:19,2026-02-24 17:47:22,2026-03-10T14:00:56.043009
10731,2601027,,2026-02-23,,,389.0,ready,2026-02-24 00:39:51,2026-02-24 00:39:51,VALIDATE,7F6CFNW9M88KKDSMWQKQG7JK10,VALID,2026-02-24 17:47:19,2026-02-24 17:47:22,2026-03-10T14:00:56.043009
10732,2601028,,2026-02-23,,,837.5,ready,2026-02-24 00:39:52,2026-02-24 00:39:52,VALIDATE,JG6SJHC99QVHT45HWQKQG7JK10,VALID,2026-02-24 17:47:19,2026-02-24 17:47:22,2026-03-10T14:00:56.043009
10733,2601029,,2026-02-23,,,39.0,ready,2026-02-24 00:39:53,2026-02-24 00:39:53,VALIDATE,YFW8RAZ9CCNRJN1YXQKQG7JK10,VALID,2026-02-24 17:47:19,2026-02-24 17:47:22,2026-03-10T14:00:56.043009
10734,2601030,,2026-02-23,,,693.0,ready,2026-02-24 00:39:54,2026-02-24 00:39:54,VALIDATE,JREMJHBT54EMC75QXQKQG7JK10,VALID,2026-02-24 17:47:19,2026-02-24 17:47:22,2026-03-10T14:00:56.043009
10735,2601031,,2026-02-23,,,59.0,ready,2026-02-24 00:39:55,2026-02-24 00:39:55,VALIDATE,N8NMJ6HPQ0HMJ8TNXQKQG7JK10,VALID,2026-02-24 17:47:19,2026-02-24 17:47:22,2026-03-10T14:00:56.043009
10736,2601032,,2026-02-23,,,285.0,ready,2026-02-24 00:39:55,2026-02-24 00:39:56,VALIDATE,CRW6RHM93FMPBKXRXQKQG7JK10,VALID,2026-02-24 17:47:19,2026-02-24 17:47:22,2026-03-10T14:00:56.043009
10737,2601033,,2026-02-23,,,37.0,ready,2026-02-24 00:39:56,2026-02-24 00:39:56,VALIDATE,C3Z6VNDFJQB3Z8DZXQKQG7JK10,VALID,2026-02-24 17:47:19,2026-02-24 17:47:22,2026-03-10T14:00:56.043009
10679,2600991,,2026-02-13,,,2045.0,ready,2026-02-14 00:39:01,2026-02-14 00:39:01,VALIDATE,K4DQV0NWYX0AYC08QQKQG7JK10,VALID,2026-02-24 17:47:18,2026-02-24 17:47:22,2026-03-10T14:00:56.043009
10680,2600992,,2026-02-13,,,298.5,ready,2026-02-14 00:39:02,2026-02-14 00:39:03,VALIDATE,JB6CQW6040YH8P0GQQKQG7JK10,VALID,2026-02-24 17:47:18,2026-02-24 17:47:22,2026-03-10T14:00:56.043009
10619,2600973,,2026-02-12,,,602.0,ready,2026-02-12 00:39:22,2026-02-12 00:39:22,VALIDATE,EV21NBV6KDGCKX1F6BKB6BHK10,VALID,2026-02-13 17:47:16,2026-02-13 17:47:21,2026-03-10T14:00:55.415794
10620,2600974,,2026-02-12,,,214.0,ready,2026-02-12 00:39:22,2026-02-12 00:39:22,VALIDATE,XFE9BHVDQESQ8NSC6BKB6BHK10,VALID,2026-02-13 17:47:16,2026-02-13 17:47:20,2026-03-10T14:00:55.415794
10648,2600978,,2026-02-12,,,1017.0,ready,2026-02-13 00:39:00,2026-02-13 00:39:00,VALIDATE,VFC82SXNQ97HKH5F6BKB6BHK10,VALID,2026-02-13 17:47:16,2026-02-13 17:47:20,2026-03-10T14:00:55.415794
10649,2600979,,2026-02-12,,,301.76,ready,2026-02-13 00:39:01,2026-02-13 00:39:01,EXTERNAL,,,,,2026-03-10T14:00:55.415794
10650,2600980,,2026-02-12,,,362.0,ready,2026-02-13 00:39:01,2026-02-13 00:39:01,EXTERNAL,,,,,2026-03-10T14:00:55.415794
10651,2600981,,2026-02-12,,,4648.0,ready,2026-02-13 00:39:02,2026-02-13 00:39:02,VALIDATE,8FH0CP89EPPZHN806BKB6BHK10,VALID,2026-02-13 17:47:16,2026-02-13 17:47:20,2026-03-10T14:00:55.415794
10652,2600982,,2026-02-12,,,129.0,ready,2026-02-13 00:39:03,2026-02-13 00:39:03,VALIDATE,TRGQRNHKFJKVB3W46BKB6BHK10,VALID,2026-02-13 17:47:16,2026-02-13 17:47:20,2026-03-10T14:00:55.415794
10653,2600983,,2026-02-12,,,280.0,ready,2026-02-13 00:39:04,2026-02-13 00:39:04,VALIDATE,JSK8JAP93Z6SMAQC8BKB6BHK10,VALID,2026-02-13 17:47:16,2026-02-13 17:47:20,2026-03-10T14:00:55.415794
10654,2600984,,2026-02-12,,,703.5,ready,2026-02-13 00:39:05,2026-02-13 00:39:05,VALIDATE,X0MMPBD9VJM8VS6D8BKB6BHK10,VALID,2026-02-13 17:47:16,2026-02-13 17:47:21,2026-03-10T14:00:55.415794
10655,2600985,,2026-02-12,,,48.0,ready,2026-02-13 00:39:06,2026-02-13 00:39:06,VALIDATE,SDF91GH5FN4NMM7K9BKB6BHK10,VALID,2026-02-13 17:47:16,2026-02-13 17:47:20,2026-03-10T14:00:55.415794
10656,2600986,,2026-02-12,,,2747.0,ready,2026-02-13 00:39:07,2026-02-13 00:39:07,VALIDATE,V4HR6Z1YK3H0W60B9BKB6BHK10,VALID,2026-02-13 17:47:16,2026-02-13 17:47:20,2026-03-10T14:00:55.415794
10657,2600987,,2026-02-12,,,466.0,ready,2026-02-13 00:39:08,2026-02-13 00:39:08,EXTERNAL,,,,,2026-03-10T14:00:55.415794
10658,2600988,,2026-02-12,,,2085.0,ready,2026-02-13 00:39:09,2026-02-13 00:39:09,VALIDATE,3AZ1WA3F0WYM0KXZ9BKB6BHK10,VALID,2026-02-13 17:47:17,2026-02-13 17:47:21,2026-03-10T14:00:55.415794
10659,2600989,,2026-02-12,,,880.0,ready,2026-02-13 00:39:10,2026-02-13 00:39:10,VALIDATE,E5FXP8M6PPNY4FGW9BKB6BHK10,VALID,2026-02-13 17:47:17,2026-02-13 17:47:20,2026-03-10T14:00:55.415794
10660,2600990,,2026-02-12,,,95.75,ready,2026-02-13 00:39:11,2026-02-13 00:39:11,VALIDATE,MF80XYH57BT0731C9BKB6BHK10,VALID,2026-02-13 17:47:17,2026-02-13 17:47:21,2026-03-10T14:00:55.415794
10661,SB76418,,2026-02-12,,,120.0,ready,2026-02-13 00:39:40,2026-02-13 00:39:40,VALIDATE,YEM88HWJ7M20ZKV19BKB6BHK10,VALID,2026-02-13 17:47:17,2026-02-13 17:47:20,2026-03-10T14:00:56.043009
10662,SB76556,,2026-02-12,,,100.0,ready,2026-02-13 00:39:41,2026-02-13 00:39:41,NORMAL,,,,,2026-03-10T14:00:56.043009
10581,2600952,,2026-02-11,,,211.5,ready,2026-02-11 00:39:56,2026-02-11 00:39:57,VALIDATE,2A78A4N5XY6FHP0H5BKB6BHK10,VALID,2026-02-13 17:47:16,2026-02-13 17:47:20,2026-03-10T14:00:55.415794
10582,2600953,,2026-02-11,,,125.0,ready,2026-02-11 00:39:58,2026-02-11 00:39:58,VALIDATE,CFP0S7GWBM88MXT55BKB6BHK10,VALID,2026-02-13 17:47:16,2026-02-13 17:47:20,2026-03-10T14:00:55.415794
10583,2600954,,2026-02-11,,,598.0,ready,2026-02-11 00:39:58,2026-02-11 00:39:58,VALIDATE,2FF1VCDGZAR9ESQN5BKB6BHK10,VALID,2026-02-13 17:47:16,2026-02-13 17:47:20,2026-03-10T14:00:55.415794
10584,2600955,,2026-02-11,,,1616.0,ready,2026-02-11 00:39:59,2026-02-11 00:39:59,VALIDATE,X4NWESQTQXW6TWK45BKB6BHK10,VALID,2026-02-13 17:47:16,2026-02-13 17:47:20,2026-03-10T14:00:55.415794
10585,2600956,,2026-02-11,,,214.0,ready,2026-02-11 00:40:00,2026-02-11 00:40:00,VALIDATE,T04964Z9FGNF0ZSD5BKB6BHK10,VALID,2026-02-13 17:47:16,2026-02-13 17:47:20,2026-03-10T14:00:55.415794
10605,2600959,,2026-02-11,,,1500.0,ready,2026-02-12 00:39:08,2026-02-12 00:39:08,VALIDATE,22J68PDWFXW9PTHC5BKB6BHK10,VALID,2026-02-13 17:47:16,2026-02-13 17:47:20,2026-03-10T14:00:55.415794
10606,2600960,,2026-02-11,,,295.0,ready,2026-02-12 00:39:09,2026-02-12 00:39:09,VALIDATE,S0PHZ3DPBRYZX8DG5BKB6BHK10,VALID,2026-02-13 17:47:16,2026-02-13 17:47:20,2026-03-10T14:00:55.415794
10607,2600961,,2026-02-11,,,348.0,ready,2026-02-12 00:39:10,2026-02-12 00:39:10,VALIDATE,KNT4X258AZ4E7RZC5BKB6BHK10,VALID,2026-02-13 17:47:16,2026-02-13 17:47:20,2026-03-10T14:00:55.415794
10608,2600962,,2026-02-11,,,547.0,ready,2026-02-12 00:39:11,2026-02-12 00:39:11,VALIDATE,YS678RYSHW9HMKSQ5BKB6BHK10,VALID,2026-02-13 17:47:16,2026-02-13 17:47:20,2026-03-10T14:00:55.415794
10609,2600963,,2026-02-11,,,959.0,ready,2026-02-12 00:39:11,2026-02-12 00:39:12,VALIDATE,PBT5WEE1W80YJS9H5BKB6BHK10,VALID,2026-02-13 17:47:16,2026-02-13 17:47:20,2026-03-10T14:00:55.415794
10610,2600964,,2026-02-11,,,3002.0,ready,2026-02-12 00:39:13,2026-02-12 00:39:13,VALIDATE,659VR1WZN87EQ6E35BKB6BHK10,VALID,2026-02-13 17:47:16,2026-02-13 17:47:21,2026-03-10T14:00:55.415794
10611,2600965,,2026-02-11,,,639.6,ready,2026-02-12 00:39:14,2026-02-12 00:39:14,VALIDATE,H9HT9QBCY1FP4GN76BKB6BHK10,VALID,2026-02-13 17:47:16,2026-02-13 17:47:20,2026-03-10T14:00:55.415794
10612,2600966,,2026-02-11,,,5316.0,ready,2026-02-12 00:39:15,2026-02-12 00:39:15,VALIDATE,TKFAWWFX0RD2S5R46BKB6BHK10,VALID,2026-02-13 17:47:16,2026-02-13 17:47:20,2026-03-10T14:00:55.415794
10613,2600967,,2026-02-11,,,784.5,ready,2026-02-12 00:39:17,2026-02-12 00:39:17,VALIDATE,1J8Y1VNDJPWE9P406BKB6BHK10,VALID,2026-02-13 17:47:16,2026-02-13 17:47:21,2026-03-10T14:00:55.415794
10614,2600968,,2026-02-11,,,428.0,ready,2026-02-12 00:39:18,2026-02-12 00:39:18,EXTERNAL,,,,,2026-03-10T14:00:55.415794
10615,2600969,,2026-02-11,,,308.0,ready,2026-02-12 00:39:19,2026-02-12 00:39:19,EXTERNAL,,,,,2026-03-10T14:00:55.415794
10616,2600970,,2026-02-11,,,308.0,ready,2026-02-12 00:39:20,2026-02-12 00:39:20,EXTERNAL,,,,,2026-03-10T14:00:55.415794
10617,2600971,,2026-02-11,,,308.0,ready,2026-02-12 00:39:20,2026-02-12 00:39:20,EXTERNAL,,,,,2026-03-10T14:00:55.415794
10618,2600972,,2026-02-11,,,222.59,ready,2026-02-12 00:39:21,2026-02-12 00:39:21,EXTERNAL,,,,,2026-03-10T14:00:55.415794
10621,2600975,,2026-02-11,,,222.59,ready,2026-02-12 00:39:23,2026-02-12 00:39:23,EXTERNAL,,,,,2026-03-10T14:00:55.415794
10622,2600976,,2026-02-11,,,397.57,ready,2026-02-12 00:39:24,2026-02-12 00:39:24,EXTERNAL,,,,,2026-03-10T14:00:55.415794
10623,2600977,,2026-02-11,,,222.59,ready,2026-02-12 00:39:24,2026-02-12 00:39:24,EXTERNAL,,,,,2026-03-10T14:00:55.415794
10542,2600913,,2026-02-10,,,7254.0,ready,2026-02-11 00:39:19,2026-02-11 00:39:19,VALIDATE,BPHHFRA7M7BJYA9QYAKB6BHK10,VALID,2026-02-13 17:47:14,2026-02-13 17:47:20,2026-03-10T14:00:55.415794
10543,2600914,,2026-02-10,,,5.0,ready,2026-02-11 00:39:20,2026-02-11 00:39:20,VALIDATE,QV3MHSJWVZV3JB6FYAKB6BHK10,VALID,2026-02-13 17:47:15,2026-02-13 17:47:20,2026-03-10T14:00:55.415794
10544,2600915,,2026-02-10,,,101.0,ready,2026-02-11 00:39:21,2026-02-11 00:39:21,VALIDATE,HREKM6XMA45HJAMSYAKB6BHK10,VALID,2026-02-13 17:47:15,2026-02-13 17:47:20,2026-03-10T14:00:55.415794
10545,2600916,,2026-02-10,,,1831.0,ready,2026-02-11 00:39:21,2026-02-11 00:39:22,VALIDATE,M7A9TJZMCCH5VVCHYAKB6BHK10,VALID,2026-02-13 17:47:15,2026-02-13 17:47:20,2026-03-10T14:00:55.415794
10546,2600917,,2026-02-10,,,492.0,ready,2026-02-11 00:39:23,2026-02-11 00:39:23,VALIDATE,W4JHFQYQXEW730XKZAKB6BHK10,VALID,2026-02-13 17:47:15,2026-02-13 17:47:20,2026-03-10T14:00:55.415794
10547,2600918,,2026-02-10,,,1046.0,ready,2026-02-11 00:39:24,2026-02-11 00:39:24,VALIDATE,004A7WH0J4H6YC1RZAKB6BHK10,VALID,2026-02-13 17:47:15,2026-02-13 17:47:20,2026-03-10T14:00:55.415794
10548,2600919,,2026-02-10,,,919.0,ready,2026-02-11 00:39:25,2026-02-11 00:39:25,VALIDATE,VW6DQZPAQ65B0JF8ZAKB6BHK10,VALID,2026-02-13 17:47:15,2026-02-13 17:47:21,2026-03-10T14:00:55.415794
10549,2600920,,2026-02-10,,,1760.0,ready,2026-02-11 00:39:26,2026-02-11 00:39:26,VALIDATE,66R09YQGBB38FEV5ZAKB6BHK10,VALID,2026-02-13 17:47:15,2026-02-13 17:47:20,2026-03-10T14:00:55.415794
10550,2600921,,2026-02-10,,,1760.0,ready,2026-02-11 00:39:27,2026-02-11 00:39:27,VALIDATE,KPXXQATBK8R7TKJGZAKB6BHK10,VALID,2026-02-13 17:47:15,2026-02-13 17:47:20,2026-03-10T14:00:55.415794
10551,2600922,,2026-02-10,,,1929.0,ready,2026-02-11 00:39:28,2026-02-11 00:39:28,VALIDATE,BYZNK9T879ZM3ZX9ZAKB6BHK10,VALID,2026-02-13 17:47:15,2026-02-13 17:47:20,2026-03-10T14:00:55.415794
10552,2600923,,2026-02-10,,,492.0,ready,2026-02-11 00:39:29,2026-02-11 00:39:29,VALIDATE,FPHE2H8YJD9A7DFFZAKB6BHK10,VALID,2026-02-13 17:47:15,2026-02-13 17:47:20,2026-03-10T14:00:55.415794
10553,2600924,,2026-02-10,,,3379.0,ready,2026-02-11 00:39:30,2026-02-11 00:39:30,VALIDATE,SDEY7J3EWVT6CVE9ZAKB6BHK10,VALID,2026-02-13 17:47:15,2026-02-13 17:47:20,2026-03-10T14:00:55.415794
10554,2600925,,2026-02-10,,,420.0,ready,2026-02-11 00:39:31,2026-02-11 00:39:31,VALIDATE,331H5SWHWD95M7HBZAKB6BHK10,VALID,2026-02-13 17:47:15,2026-02-13 17:47:21,2026-03-10T14:00:55.415794
10555,2600926,,2026-02-10,,,648.0,ready,2026-02-11 00:39:31,2026-02-11 00:39:32,VALIDATE,TTJKEXJ020A9K9J1ZAKB6BHK10,VALID,2026-02-13 17:47:15,2026-02-13 17:47:20,2026-03-10T14:00:55.415794
10556,2600927,,2026-02-10,,,1021.44,ready,2026-02-11 00:39:32,2026-02-11 00:39:32,VALIDATE,MYAF0JK9V0AQG3K40BKB6BHK10,VALID,2026-02-13 17:47:15,2026-02-13 17:47:20,2026-03-10T14:00:55.415794
10557,2600928,,2026-02-10,,,580.0,ready,2026-02-11 00:39:33,2026-02-11 00:39:33,VALIDATE,R6HK36Q3K4BDFHFH0BKB6BHK10,VALID,2026-02-13 17:47:15,2026-02-13 17:47:20,2026-03-10T14:00:55.415794
10558,2600929,,2026-02-10,,,638.0,ready,2026-02-11 00:39:34,2026-02-11 00:39:34,VALIDATE,VX677X6BCK0VBRGZ0BKB6BHK10,VALID,2026-02-13 17:47:15,2026-02-13 17:47:20,2026-03-10T14:00:55.415794
10559,2600930,,2026-02-10,,,1718.0,ready,2026-02-11 00:39:35,2026-02-11 00:39:35,VALIDATE,3PDY5H68YXFCDTBJ0BKB6BHK10,VALID,2026-02-13 17:47:15,2026-02-13 17:47:20,2026-03-10T14:00:55.415794
10560,2600931,,2026-02-10,,,728.5,ready,2026-02-11 00:39:36,2026-02-11 00:39:36,VALIDATE,TSSSQ88QF5FR37G90BKB6BHK10,VALID,2026-02-13 17:47:15,2026-02-13 17:47:20,2026-03-10T14:00:55.415794
10561,2600932,,2026-02-10,,,390.0,ready,2026-02-11 00:39:37,2026-02-11 00:39:37,VALIDATE,YQHVT9BM8MYKPYN60BKB6BHK10,VALID,2026-02-13 17:47:15,2026-02-13 17:47:20,2026-03-10T14:00:55.415794
10562,2600933,,2026-02-10,,,81.0,ready,2026-02-11 00:39:38,2026-02-11 00:39:38,VALIDATE,M82J0FEQER7WFH5B3BKB6BHK10,VALID,2026-02-13 17:47:15,2026-02-13 17:47:20,2026-03-10T14:00:55.415794
10563,2600934,,2026-02-10,,,1219.0,ready,2026-02-11 00:39:38,2026-02-11 00:39:39,VALIDATE,P0QDAWAH6NW21R5B3BKB6BHK10,VALID,2026-02-13 17:47:15,2026-02-13 17:47:22,2026-03-10T14:00:55.415794
10564,2600935,,2026-02-10,,,1370.0,ready,2026-02-11 00:39:40,2026-02-11 00:39:40,VALIDATE,7MYQ25621EGGWB0G3BKB6BHK10,VALID,2026-02-13 17:47:15,2026-02-13 17:47:20,2026-03-10T14:00:55.415794
10565,2600936,,2026-02-10,,,2416.0,ready,2026-02-11 00:39:41,2026-02-11 00:39:41,VALIDATE,F33HT2CGRS5TBV9E3BKB6BHK10,VALID,2026-02-13 17:47:15,2026-02-13 17:47:20,2026-03-10T14:00:55.415794
10566,2600937,,2026-02-10,,,3189.0,ready,2026-02-11 00:39:42,2026-02-11 00:39:42,VALIDATE,FW91NY72M6N0XAJB3BKB6BHK10,VALID,2026-02-13 17:47:15,2026-02-13 17:47:20,2026-03-10T14:00:55.415794
10567,2600938,,2026-02-10,,,1016.0,ready,2026-02-11 00:39:44,2026-02-11 00:39:44,VALIDATE,0DM0A2XD56NQGT9M3BKB6BHK10,VALID,2026-02-13 17:47:15,2026-02-13 17:47:21,2026-03-10T14:00:55.415794
10568,2600939,,2026-02-10,,,880.0,ready,2026-02-11 00:39:45,2026-02-11 00:39:45,VALIDATE,G0TSY83QGTF3KZ813BKB6BHK10,VALID,2026-02-13 17:47:15,2026-02-13 17:47:21,2026-03-10T14:00:55.415794
10569,2600940,,2026-02-10,,,328.0,ready,2026-02-11 00:39:46,2026-02-11 00:39:46,VALIDATE,799FQD5DZ2DRQQ0B4BKB6BHK10,VALID,2026-02-13 17:47:15,2026-02-13 17:47:20,2026-03-10T14:00:55.415794
10570,2600941,,2026-02-10,,,4155.0,ready,2026-02-11 00:39:46,2026-02-11 00:39:46,VALIDATE,JYPEQQBWHQCVCJ4B4BKB6BHK10,VALID,2026-02-13 17:47:15,2026-02-13 17:47:20,2026-03-10T14:00:55.415794
10571,2600942,,2026-02-10,,,78.0,ready,2026-02-11 00:39:47,2026-02-11 00:39:47,VALIDATE,VMRYYRHBZJ9V47434BKB6BHK10,VALID,2026-02-13 17:47:15,2026-02-13 17:47:20,2026-03-10T14:00:55.415794
10572,2600943,,2026-02-10,,,308.0,ready,2026-02-11 00:39:48,2026-02-11 00:39:48,EXTERNAL,,,,,2026-03-10T14:00:55.415794
10573,2600944,,2026-02-10,,,308.0,ready,2026-02-11 00:39:49,2026-02-11 00:39:49,EXTERNAL,,,,,2026-03-10T14:00:55.415794
10574,2600945,,2026-02-10,,,222.59,ready,2026-02-11 00:39:49,2026-02-11 00:39:49,EXTERNAL,,,,,2026-03-10T14:00:55.415794
10575,2600946,,2026-02-10,,,187.59,ready,2026-02-11 00:39:50,2026-02-11 00:39:50,EXTERNAL,,,,,2026-03-10T14:00:55.415794
10576,2600947,,2026-02-10,,,3240.0,ready,2026-02-11 00:39:51,2026-02-11 00:39:51,VALIDATE,JCPQCWGSY7W0D00A4BKB6BHK10,VALID,2026-02-13 17:47:15,2026-02-13 17:47:20,2026-03-10T14:00:55.415794
10577,2600948,,2026-02-10,,,475.0,ready,2026-02-11 00:39:52,2026-02-11 00:39:52,VALIDATE,TJBWFZ6789PEE6WD4BKB6BHK10,VALID,2026-02-13 17:47:16,2026-02-13 17:47:20,2026-03-10T14:00:55.415794
10578,2600949,,2026-02-10,,,151.0,ready,2026-02-11 00:39:53,2026-02-11 00:39:53,VALIDATE,J0YPHVTG93GN70QZ4BKB6BHK10,VALID,2026-02-13 17:47:16,2026-02-13 17:47:20,2026-03-10T14:00:55.415794
10579,2600950,,2026-02-10,,,517.0,ready,2026-02-11 00:39:54,2026-02-11 00:39:54,VALIDATE,4DF3GE9CF7WQMSJN4BKB6BHK10,VALID,2026-02-13 17:47:16,2026-02-13 17:47:20,2026-03-10T14:00:55.415794
10580,2600951,,2026-02-10,,,107.5,ready,2026-02-11 00:39:55,2026-02-11 00:39:56,VALIDATE,4CQC251RBAK2VY6W5BKB6BHK10,VALID,2026-02-13 17:47:16,2026-02-13 17:47:20,2026-03-10T14:00:55.415794
10586,2600957,,2026-02-10,,,298.0,ready,2026-02-11 00:40:01,2026-02-11 00:40:01,EXTERNAL,,,,,2026-03-10T14:00:55.415794
10587,2600958,,2026-02-10,,,222.59,ready,2026-02-11 00:40:01,2026-02-11 00:40:01,EXTERNAL,,,,,2026-03-10T14:00:55.415794
10588,SB76468,,2026-02-10,,,57.6,ready,2026-02-11 00:40:31,2026-02-11 00:40:31,VALIDATE,2FAZFH4MEXRFWVYB5BKB6BHK10,VALID,2026-02-13 17:47:16,2026-02-13 17:47:20,2026-03-10T14:00:55.415794
10402,2600806,,2026-02-09,,,358.0,ready,2026-02-10 00:40:09,2026-02-10 00:40:09,NORMAL,,,,,2026-03-10T14:00:54.784514
10403,2600807,,2026-02-09,,,2272.0,ready,2026-02-10 00:40:10,2026-02-10 00:40:10,NORMAL,,,,,2026-03-10T14:00:54.784514
10404,2600808,,2026-02-09,,,880.0,ready,2026-02-10 00:40:11,2026-02-10 00:40:12,NORMAL,,,,,2026-03-10T14:00:54.784514
10405,2600809,,2026-02-09,,,880.0,ready,2026-02-10 00:40:12,2026-02-10 00:40:13,NORMAL,,,,,2026-03-10T14:00:54.784514
10406,2600810,,2026-02-09,,,79.5,ready,2026-02-10 00:40:13,2026-02-10 00:40:14,NORMAL,,,,,2026-03-10T14:00:54.784514
10407,2600811,,2026-02-09,,,590.0,ready,2026-02-10 00:40:14,2026-02-10 00:40:14,NORMAL,,,,,2026-03-10T14:00:54.784514
10408,2600812,,2026-02-09,,,439.0,ready,2026-02-10 00:40:15,2026-02-10 00:40:15,NORMAL,,,,,2026-03-10T14:00:54.784514
10409,2600813,,2026-02-09,,,1328.67,ready,2026-02-10 00:40:16,2026-02-10 00:40:16,VALIDATE,TSGK4S4A61ASN15RGXPSE3HK10,VALID,2026-02-10 17:40:49,2026-02-10 17:40:55,2026-03-10T14:00:54.784514
10410,2600814,,2026-02-09,,,1760.0,ready,2026-02-10 00:40:17,2026-02-10 00:40:17,VALIDATE,BPPPGFHXY82JYPZCGXPSE3HK10,VALID,2026-02-10 17:40:49,2026-02-10 17:40:55,2026-03-10T14:00:54.784514
10411,2600815,,2026-02-09,,,2410.0,ready,2026-02-10 00:40:18,2026-02-10 00:40:18,VALIDATE,6T09PPCESF0424B9GXPSE3HK10,VALID,2026-02-10 17:40:49,2026-02-10 17:40:55,2026-03-10T14:00:54.784514
10412,2600816,,2026-02-09,,,4170.0,ready,2026-02-10 00:40:19,2026-02-10 00:40:19,VALIDATE,Y1W0PVMHH9HAA5T1HXPSE3HK10,VALID,2026-02-10 17:40:49,2026-02-10 17:40:55,2026-03-10T14:00:54.784514
10413,2600817,,2026-02-09,,,418.0,ready,2026-02-10 00:40:20,2026-02-10 00:40:21,VALIDATE,S2P4M4DKWPGY9XMGHXPSE3HK10,VALID,2026-02-10 17:40:49,2026-02-10 17:40:55,2026-03-10T14:00:54.784514
10414,2600818,,2026-02-09,,,294.0,ready,2026-02-10 00:40:21,2026-02-10 00:40:21,VALIDATE,QBFRNX8084ETB9FGJXPSE3HK10,VALID,2026-02-10 17:40:49,2026-02-10 17:40:55,2026-03-10T14:00:54.784514
10415,2600819,,2026-02-09,,,222.59,ready,2026-02-10 00:40:22,2026-02-10 00:40:22,EXTERNAL,,,,,2026-03-10T14:00:54.784514
10416,2600820,,2026-02-09,,,222.59,ready,2026-02-10 00:40:23,2026-02-10 00:40:23,EXTERNAL,,,,,2026-03-10T14:00:54.784514
10417,2600821,,2026-02-09,,,187.59,ready,2026-02-10 00:40:23,2026-02-10 00:40:23,EXTERNAL,,,,,2026-03-10T14:00:54.784514
10418,2600822,,2026-02-09,,,222.59,ready,2026-02-10 00:40:24,2026-02-10 00:40:24,EXTERNAL,,,,,2026-03-10T14:00:54.784514
10419,2600823,,2026-02-09,,,187.59,ready,2026-02-10 00:40:25,2026-02-10 00:40:25,EXTERNAL,,,,,2026-03-10T14:00:54.784514
10420,2600824,,2026-02-09,,,187.59,ready,2026-02-10 00:40:25,2026-02-10 00:40:25,EXTERNAL,,,,,2026-03-10T14:00:54.784514
10421,2600825,,2026-02-09,,,222.59,ready,2026-02-10 00:40:26,2026-02-10 00:40:26,EXTERNAL,,,,,2026-03-10T14:00:54.784514
10422,2600826,,2026-02-09,,,222.59,ready,2026-02-10 00:40:27,2026-02-10 00:40:27,EXTERNAL,,,,,2026-03-10T14:00:54.784514
10423,2600827,,2026-02-09,,,308.0,ready,2026-02-10 00:40:27,2026-02-10 00:40:27,EXTERNAL,,,,,2026-03-10T14:00:54.784514
10424,2600828,,2026-02-09,,,246.56,ready,2026-02-10 00:40:28,2026-02-10 00:40:28,EXTERNAL,,,,,2026-03-10T14:00:54.784514
10425,2600829,,2026-02-09,,,301.76,ready,2026-02-10 00:40:29,2026-02-10 00:40:29,EXTERNAL,,,,,2026-03-10T14:00:54.784514
10426,2600830,,2026-02-09,,,529.0,ready,2026-02-10 00:40:29,2026-02-10 00:40:29,EXTERNAL,,,,,2026-03-10T14:00:54.784514
10427,2600831,,2026-02-09,,,379.0,ready,2026-02-10 00:40:30,2026-02-10 00:40:30,EXTERNAL,,,,,2026-03-10T14:00:54.784514
10428,2600832,,2026-02-09,,,308.0,ready,2026-02-10 00:40:31,2026-02-10 00:40:31,EXTERNAL,,,,,2026-03-10T14:00:54.784514
10429,2600833,,2026-02-09,,,187.59,ready,2026-02-10 00:40:31,2026-02-10 00:40:31,EXTERNAL,,,,,2026-03-10T14:00:54.784514
10430,2600834,,2026-02-09,,,1869.0,ready,2026-02-10 00:40:32,2026-02-10 00:40:33,VALIDATE,TYGPHA2P6MYE5SSYJXPSE3HK10,VALID,2026-02-10 17:40:49,2026-02-10 17:40:55,2026-03-10T14:00:54.784514
10431,2600835,,2026-02-09,,,38.0,ready,2026-02-10 00:40:34,2026-02-10 00:40:34,VALIDATE,E0HSQ4AFS04J5XV7JXPSE3HK10,VALID,2026-02-10 17:40:49,2026-02-10 17:40:55,2026-03-10T14:00:54.784514
10432,2600836,,2026-02-09,,,880.0,ready,2026-02-10 00:40:35,2026-02-10 00:40:35,VALIDATE,YRVM51XTEFB4P876JXPSE3HK10,VALID,2026-02-10 17:40:49,2026-02-10 17:40:55,2026-03-10T14:00:54.784514
10433,2600837,,2026-02-09,,,880.0,ready,2026-02-10 00:40:36,2026-02-10 00:40:36,VALIDATE,3SJQ708PATSDVJQHJXPSE3HK10,VALID,2026-02-10 17:40:50,2026-02-10 17:40:55,2026-03-10T14:00:54.784514
10434,2600838,,2026-02-09,,,880.0,ready,2026-02-10 00:40:37,2026-02-10 00:40:37,VALIDATE,8NVTJKM4HDAB0050JXPSE3HK10,VALID,2026-02-10 17:40:50,2026-02-10 17:40:55,2026-03-10T14:00:54.784514
10435,2600839,,2026-02-09,,,701.0,ready,2026-02-10 00:40:38,2026-02-10 00:40:38,VALIDATE,CEGCTGASJFHZ0RVEKXPSE3HK10,VALID,2026-02-10 17:40:50,2026-02-10 17:40:55,2026-03-10T14:00:54.784514
10436,2600840,,2026-02-09,,,522.0,ready,2026-02-10 00:40:39,2026-02-10 00:40:39,VALIDATE,XK9XBCT5B9G58P22KXPSE3HK10,VALID,2026-02-10 17:40:50,2026-02-10 17:40:55,2026-03-10T14:00:54.784514
10437,2600841,,2026-02-09,,,701.0,ready,2026-02-10 00:40:40,2026-02-10 00:40:40,VALIDATE,J8PD402G9JT9XE23KXPSE3HK10,VALID,2026-02-10 17:40:50,2026-02-10 17:40:55,2026-03-10T14:00:54.784514
10438,2600842,,2026-02-09,,,701.0,ready,2026-02-10 00:40:41,2026-02-10 00:40:41,VALIDATE,EAT9PFNTETAN5AMVKXPSE3HK10,VALID,2026-02-10 17:40:50,2026-02-10 17:40:55,2026-03-10T14:00:54.784514
10439,2600843,,2026-02-09,,,722.0,ready,2026-02-10 00:40:42,2026-02-10 00:40:42,VALIDATE,4MDCXDNT6THT47ZGKXPSE3HK10,VALID,2026-02-10 17:40:50,2026-02-10 17:40:55,2026-03-10T14:00:54.784514
10440,2600844,,2026-02-09,,,701.0,ready,2026-02-10 00:40:43,2026-02-10 00:40:43,VALIDATE,ZZHY4CMCVNZ2Q75JKXPSE3HK10,VALID,2026-02-10 17:40:50,2026-02-10 17:40:55,2026-03-10T14:00:54.784514
10441,2600845,,2026-02-09,,,13.0,ready,2026-02-10 00:40:43,2026-02-10 00:40:44,VALIDATE,0WQ64JHD419WBQ8TKXPSE3HK10,VALID,2026-02-10 17:40:50,2026-02-10 17:40:55,2026-03-10T14:00:54.784514
10442,2600846,,2026-02-09,,,370.0,ready,2026-02-10 00:40:44,2026-02-10 00:40:44,VALIDATE,CWG8QVYSGTBQWGR5KXPSE3HK10,VALID,2026-02-10 17:40:50,2026-02-10 17:40:55,2026-03-10T14:00:54.784514
10443,2600847,,2026-02-09,,,3971.0,ready,2026-02-10 00:40:45,2026-02-10 00:40:45,VALIDATE,R80GPH8ENDJZ5PKAKXPSE3HK10,VALID,2026-02-10 17:40:50,2026-02-10 17:40:55,2026-03-10T14:00:54.784514
10444,2600848,,2026-02-09,,,1760.0,ready,2026-02-10 00:40:47,2026-02-10 00:40:47,VALIDATE,VJ2M312EX89DRV1VKXPSE3HK10,VALID,2026-02-10 17:40:50,2026-02-10 17:40:55,2026-03-10T14:00:54.784514
10445,2600849,,2026-02-09,,,1578.7,ready,2026-02-10 00:40:48,2026-02-10 00:40:48,VALIDATE,T8XWGCWES9E1Z61HMXPSE3HK10,VALID,2026-02-10 17:40:50,2026-02-10 17:40:55,2026-03-10T14:00:54.784514
10446,2600850,,2026-02-09,,,2216.0,ready,2026-02-10 00:40:49,2026-02-10 00:40:49,VALIDATE,8C32NNNWY485EBS0MXPSE3HK10,VALID,2026-02-10 17:40:50,2026-02-10 17:40:55,2026-03-10T14:00:54.784514
10447,2600851,,2026-02-09,,,867.0,ready,2026-02-10 00:40:50,2026-02-10 00:40:50,VALIDATE,J7HWMV0WN9DCDZJWMXPSE3HK10,VALID,2026-02-10 17:40:50,2026-02-10 17:40:55,2026-03-10T14:00:54.784514
10448,2600852,,2026-02-09,,,1808.4,ready,2026-02-10 00:40:51,2026-02-10 00:40:51,VALIDATE,J2AFRBBZTGMA2BG4MXPSE3HK10,VALID,2026-02-10 17:40:50,2026-02-10 17:40:55,2026-03-10T14:00:54.784514
10449,2600853,,2026-02-09,,,880.0,ready,2026-02-10 00:40:53,2026-02-10 00:40:53,VALIDATE,CXEWKN6PY3E60NKSMXPSE3HK10,VALID,2026-02-10 17:40:50,2026-02-10 17:40:55,2026-03-10T14:00:54.784514
10450,2600854,,2026-02-09,,,880.0,ready,2026-02-10 00:40:54,2026-02-10 00:40:54,VALIDATE,ZQ03PGGRQ85EWX4FMXPSE3HK10,VALID,2026-02-10 17:40:50,2026-02-10 17:40:55,2026-03-10T14:00:54.784514
10451,2600855,,2026-02-09,,,2006.0,ready,2026-02-10 00:40:55,2026-02-10 00:40:55,VALIDATE,DEA9KYFNBYMY7J8PNXPSE3HK10,VALID,2026-02-10 17:40:50,2026-02-10 17:40:55,2026-03-10T14:00:54.784514
10452,2600856,,2026-02-09,,,880.0,ready,2026-02-10 00:40:56,2026-02-10 00:40:56,VALIDATE,YNZW1Z71559NEC0YNXPSE3HK10,VALID,2026-02-10 17:40:50,2026-02-10 17:40:55,2026-03-10T14:00:54.784514
10453,2600857,,2026-02-09,,,880.0,ready,2026-02-10 00:40:57,2026-02-10 00:40:57,VALIDATE,FHHE31YPXTRMYRDYNXPSE3HK10,VALID,2026-02-10 17:40:50,2026-02-10 17:40:55,2026-03-10T14:00:54.784514
10454,2600858,,2026-02-09,,,880.0,ready,2026-02-10 00:40:58,2026-02-10 00:40:58,VALIDATE,GGRGNWEZ8AZ33HFJNXPSE3HK10,VALID,2026-02-10 17:40:50,2026-02-10 17:40:55,2026-03-10T14:00:54.784514
10455,2600859,,2026-02-09,,,631.0,ready,2026-02-10 00:40:59,2026-02-10 00:40:59,NORMAL,,,,,2026-03-10T14:00:54.784514
10456,2600860,,2026-02-09,,,1000.0,ready,2026-02-10 00:41:00,2026-02-10 00:41:01,NORMAL,,,,,2026-03-10T14:00:54.784514
10457,2600861,,2026-02-09,,,215.0,ready,2026-02-10 00:41:01,2026-02-10 00:41:02,VALIDATE,DTXNV7493FPQQBHMNXPSE3HK10,VALID,2026-02-10 17:40:50,2026-02-10 17:40:55,2026-03-10T14:00:54.784514
10458,2600862,,2026-02-09,,,254.0,ready,2026-02-10 00:41:02,2026-02-10 00:41:02,VALIDATE,MQ23RYWV19EW8491NXPSE3HK10,VALID,2026-02-10 17:40:50,2026-02-10 17:40:55,2026-03-10T14:00:54.784514
10459,2600863,,2026-02-09,,,1759.0,ready,2026-02-10 00:41:03,2026-02-10 00:41:03,VALIDATE,YE8T216FM6YN2003NXPSE3HK10,VALID,2026-02-10 17:40:50,2026-02-10 17:40:55,2026-03-10T14:00:54.784514
10460,2600864,,2026-02-09,,,880.0,ready,2026-02-10 00:41:04,2026-02-10 00:41:04,VALIDATE,5YRW5JR65JXCVJYMNXPSE3HK10,VALID,2026-02-10 17:40:50,2026-02-10 17:40:55,2026-03-10T14:00:54.784514
10461,2600865,,2026-02-09,,,880.0,ready,2026-02-10 00:41:05,2026-03-04 17:13:11,VALIDATE,AE38WJRQ7GGJDFK9NXPSE3HK10,VALID,2026-02-10 17:40:50,2026-02-10 17:40:55,2026-03-10T14:00:54.784514
10462,2600866,,2026-02-09,,,1596.0,ready,2026-02-10 00:41:06,2026-02-10 00:41:06,VALIDATE,1M3ANCT7CSDR08XAPXPSE3HK10,VALID,2026-02-10 17:40:50,2026-02-10 17:40:56,2026-03-10T14:00:54.784514
10463,2600867,,2026-02-09,,,522.0,ready,2026-02-10 00:41:07,2026-02-10 00:41:07,VALIDATE,0DTTECA6VHC2GAYXRXPSE3HK10,VALID,2026-02-10 17:40:50,2026-02-10 17:40:55,2026-03-10T14:00:54.784514
10464,2600868,,2026-02-09,,,880.0,ready,2026-02-10 00:41:08,2026-02-10 00:41:08,VALIDATE,62BZ6BSPZBCFX1DERXPSE3HK10,VALID,2026-02-10 17:40:50,2026-02-10 17:40:55,2026-03-10T14:00:54.784514
10465,2600869,,2026-02-09,,,522.0,ready,2026-02-10 00:41:09,2026-02-10 00:41:09,VALIDATE,QKS9Q4WVX5E9WM3ERXPSE3HK10,VALID,2026-02-10 17:40:51,2026-02-10 17:40:55,2026-03-10T14:00:54.784514
10466,2600870,,2026-02-09,,,224.0,ready,2026-02-10 00:41:10,2026-02-10 00:41:10,VALIDATE,S3MDTCVPDCBD3XC1SXPSE3HK10,VALID,2026-02-10 17:40:51,2026-02-10 17:40:55,2026-03-10T14:00:54.784514
10467,2600871,,2026-02-09,,,1179.0,ready,2026-02-10 00:41:10,2026-02-10 00:41:11,VALIDATE,43XDBRW2QZ0SC1R1SXPSE3HK10,VALID,2026-02-10 17:40:51,2026-02-10 17:40:55,2026-03-10T14:00:54.784514
10468,2600872,,2026-02-09,,,358.0,ready,2026-02-10 00:41:11,2026-02-10 00:41:12,VALIDATE,0RJPCFZ6AMAG73K8SXPSE3HK10,VALID,2026-02-10 17:40:51,2026-02-10 17:40:55,2026-03-10T14:00:54.784514
10469,2600873,,2026-02-09,,,2422.0,ready,2026-02-10 00:41:12,2026-02-10 00:41:12,VALIDATE,9WMC3E9NDSF313Z5SXPSE3HK10,VALID,2026-02-10 17:40:51,2026-02-10 17:40:55,2026-03-10T14:00:54.784514
10470,2600874,,2026-02-09,,,1568.0,ready,2026-02-10 00:41:14,2026-02-10 00:41:14,VALIDATE,04ZG4RD2FWVP1YK4ZXPSE3HK10,VALID,2026-02-10 17:40:51,2026-02-10 17:40:55,2026-03-10T14:00:54.784514
10471,2600875,,2026-02-09,,,343.0,ready,2026-02-10 00:41:15,2026-02-10 00:41:15,VALIDATE,GEM5QN3MFEKA8XZCZXPSE3HK10,VALID,2026-02-10 17:40:51,2026-02-10 17:40:55,2026-03-10T14:00:54.784514
10472,2600876,,2026-02-09,,,537.0,ready,2026-02-10 00:41:15,2026-02-10 00:41:16,VALIDATE,RR3NC2NQECFBJBFXZXPSE3HK10,VALID,2026-02-10 17:40:51,2026-02-10 17:40:55,2026-03-10T14:00:54.784514
10473,2600877,,2026-02-09,,,1259.0,ready,2026-02-10 00:41:16,2026-02-10 00:41:17,VALIDATE,PJF3R2P0CH4PWYGW0YPSE3HK10,VALID,2026-02-10 17:40:51,2026-02-10 17:40:55,2026-03-10T14:00:54.784514
10474,2600878,,2026-02-09,,,90.0,ready,2026-02-10 00:41:18,2026-02-10 00:41:18,VALIDATE,29S6MW1MTGDCQ1F60YPSE3HK10,VALID,2026-02-10 17:40:51,2026-02-10 17:40:55,2026-03-10T14:00:54.784514
10475,2600879,,2026-02-09,,,1160.0,ready,2026-02-10 00:41:19,2026-02-10 00:41:19,VALIDATE,HEN6NZZCG67JS8GB0YPSE3HK10,VALID,2026-02-10 17:40:51,2026-02-10 17:40:55,2026-03-10T14:00:54.784514
10476,2600880,,2026-02-09,,,1141.71,ready,2026-02-10 00:41:19,2026-02-10 00:41:20,VALIDATE,Y0TE1VCPSMSWVE240YPSE3HK10,VALID,2026-02-10 17:40:51,2026-02-10 17:40:55,2026-03-10T14:00:54.784514
10477,2600881,,2026-02-09,,,880.0,ready,2026-02-10 00:41:20,2026-02-10 00:41:21,VALIDATE,TTKCX65XAG36X2BJ0YPSE3HK10,VALID,2026-02-10 17:40:51,2026-02-10 17:40:55,2026-03-10T14:00:54.784514
10478,2600882,,2026-02-09,,,2085.0,ready,2026-02-10 00:41:21,2026-02-10 00:41:22,VALIDATE,4BY7MF9SPR98CD2H0YPSE3HK10,VALID,2026-02-10 17:40:51,2026-02-10 17:40:55,2026-03-10T14:00:54.784514
10479,2600883,,2026-02-09,,,1208.0,ready,2026-02-10 00:41:23,2026-02-10 00:41:23,VALIDATE,TNPWTMFXZEVEWYTJ0YPSE3HK10,VALID,2026-02-10 17:40:51,2026-02-10 17:40:55,2026-03-10T14:00:54.784514
10480,2600884,,2026-02-09,,,1029.0,ready,2026-02-10 00:41:24,2026-02-10 00:41:24,VALIDATE,K49VXV4VBEC33JV50YPSE3HK10,VALID,2026-02-10 17:40:51,2026-02-10 17:40:55,2026-03-10T14:00:54.784514
10481,2600885,,2026-02-09,,,751.0,ready,2026-02-10 00:41:24,2026-02-10 00:41:25,VALIDATE,03SNN0BGGVX3XJFN0YPSE3HK10,VALID,2026-02-10 17:40:51,2026-02-10 17:40:55,2026-03-10T14:00:54.784514
10482,2600886,,2026-02-09,,,4862.0,ready,2026-02-10 00:41:25,2026-02-10 00:41:26,VALIDATE,J5F3W71RQXTT5VSV0YPSE3HK10,VALID,2026-02-10 17:40:51,2026-02-10 17:40:55,2026-03-10T14:00:54.784514
10483,2600887,,2026-02-09,,,508.0,ready,2026-02-10 00:41:27,2026-02-10 00:41:27,VALIDATE,WMCNAZVWKAXZPJKR1YPSE3HK10,VALID,2026-02-10 17:40:51,2026-02-10 17:40:55,2026-03-10T14:00:54.784514
10484,2600888,,2026-02-09,,,2574.0,ready,2026-02-10 00:41:28,2026-02-10 00:41:28,VALIDATE,8VV3NSC4ZK6901WN1YPSE3HK10,VALID,2026-02-10 17:40:51,2026-02-10 17:40:55,2026-03-10T14:00:54.784514
10485,2600889,,2026-02-09,,,4071.0,ready,2026-02-10 00:41:29,2026-02-10 00:41:30,VALIDATE,C2Q96QK6KGA2JW1W1YPSE3HK10,VALID,2026-02-10 17:40:51,2026-02-10 17:40:55,2026-03-10T14:00:54.784514
10486,2600890,,2026-02-09,,,21.6,ready,2026-02-10 00:41:31,2026-02-10 00:41:31,VALIDATE,M8C7DTZP09XP2HYX1YPSE3HK10,VALID,2026-02-10 17:40:51,2026-02-10 17:40:55,2026-03-10T14:00:54.784514
10487,2600891,,2026-02-09,,,264.0,ready,2026-02-10 00:41:31,2026-02-10 00:41:31,VALIDATE,1HXYZTSMA5BYYY8G1YPSE3HK10,VALID,2026-02-10 17:40:51,2026-02-10 17:40:55,2026-03-10T14:00:54.784514
10488,2600892,,2026-02-09,,,344.0,ready,2026-02-10 00:41:32,2026-02-10 00:41:32,VALIDATE,YX529KN7F1KWJ23G1YPSE3HK10,VALID,2026-02-10 17:40:51,2026-02-10 17:40:55,2026-03-10T14:00:55.415794
10489,2600893,,2026-02-09,,,274.0,ready,2026-02-10 00:41:33,2026-02-10 00:41:33,VALIDATE,56Q7WX0YE9VX4BAF1YPSE3HK10,VALID,2026-02-10 17:40:51,2026-02-10 17:40:55,2026-03-10T14:00:55.415794
10490,2600894,,2026-02-09,,,667.0,ready,2026-02-10 00:41:33,2026-02-10 00:41:34,VALIDATE,7JG4VXDY07D022N01YPSE3HK10,VALID,2026-02-10 17:40:51,2026-02-10 17:40:55,2026-03-10T14:00:55.415794
10491,2600895,,2026-02-09,,,458.0,ready,2026-02-10 00:41:34,2026-02-10 00:41:34,EXTERNAL,,,,,2026-03-10T14:00:55.415794
10492,2600896,,2026-02-09,,,488.0,ready,2026-02-10 00:41:35,2026-02-10 00:41:35,EXTERNAL,,,,,2026-03-10T14:00:55.415794
10493,2600897,,2026-02-09,,,320.0,ready,2026-02-10 00:41:36,2026-02-10 00:41:36,EXTERNAL,,,,,2026-03-10T14:00:55.415794
10494,2600898,,2026-02-09,,,2180.0,ready,2026-02-10 00:41:36,2026-02-10 00:41:36,VALIDATE,0H9K52BXHBVRE85S1YPSE3HK10,VALID,2026-02-10 17:40:51,2026-02-10 17:40:55,2026-03-10T14:00:55.415794
10495,2600899,,2026-02-09,,,88.0,ready,2026-02-10 00:41:37,2026-02-10 00:41:37,VALIDATE,GF438EZQ8MY7KJ9M2YPSE3HK10,VALID,2026-02-10 17:40:51,2026-02-10 17:40:55,2026-03-10T14:00:55.415794
10496,2600900,,2026-02-09,,,1972.0,ready,2026-02-10 00:41:38,2026-02-10 00:41:38,VALIDATE,42KFXSSVN4MMF9H72YPSE3HK10,VALID,2026-02-10 17:40:51,2026-02-10 17:40:55,2026-03-10T14:00:55.415794
10497,2600901,,2026-02-09,,,328.0,ready,2026-02-10 00:41:39,2026-02-10 00:41:39,VALIDATE,KZVH86M660SQQDWVWZPSE3HK10,VALID,2026-02-10 17:40:51,2026-02-10 17:40:55,2026-03-10T14:00:55.415794
10498,2600902,,2026-02-09,,,986.0,ready,2026-02-10 00:41:40,2026-02-10 00:41:40,VALIDATE,KN4SF5J2A5QZ2STSWZPSE3HK10,VALID,2026-02-10 17:40:51,2026-02-10 17:40:55,2026-03-10T14:00:55.415794
10499,2600903,,2026-02-09,,,294.0,ready,2026-02-10 00:41:41,2026-02-10 00:41:41,VALIDATE,VR16SD82XY8HX98GWZPSE3HK10,VALID,2026-02-10 17:40:52,2026-02-10 17:40:55,2026-03-10T14:00:55.415794
10500,2600904,,2026-02-09,,,508.0,ready,2026-02-10 00:41:42,2026-02-10 00:41:42,VALIDATE,SZ4K5257G938J83AWZPSE3HK10,VALID,2026-02-10 17:40:52,2026-02-10 17:40:55,2026-03-10T14:00:55.415794
10501,2600905,,2026-02-09,,,427.0,ready,2026-02-10 00:41:42,2026-02-10 00:41:42,VALIDATE,YGD3EC4ZG3MG9MJAWZPSE3HK10,VALID,2026-02-10 17:40:52,2026-02-10 17:40:55,2026-03-10T14:00:55.415794
10502,2600906,,2026-02-09,,,1753.0,ready,2026-02-10 00:41:43,2026-02-10 00:41:44,VALIDATE,B25VV6FHTC1JTMQYWZPSE3HK10,VALID,2026-02-10 17:40:52,2026-02-10 17:40:55,2026-03-10T14:00:55.415794
10503,2600907,,2026-02-09,,,492.0,ready,2026-02-10 00:41:44,2026-02-10 00:41:45,VALIDATE,PMQ9S3R8HZ9KSGGPWZPSE3HK10,VALID,2026-02-10 17:40:52,2026-02-10 17:40:55,2026-03-10T14:00:55.415794
10504,2600908,,2026-02-09,,,3317.0,ready,2026-02-10 00:41:45,2026-02-10 00:41:46,VALIDATE,W3XBCY35DS97JTRWWZPSE3HK10,VALID,2026-02-10 17:40:52,2026-02-10 17:40:55,2026-03-10T14:00:55.415794
10505,2600909,,2026-02-09,,,159.0,ready,2026-02-10 00:41:47,2026-02-10 00:41:47,VALIDATE,5SSPDCH99X1JYC54XZPSE3HK10,VALID,2026-02-10 17:40:52,2026-02-10 17:40:55,2026-03-10T14:00:55.415794
10506,2600910,,2026-02-09,,,212.5,ready,2026-02-10 00:41:48,2026-02-10 00:41:48,VALIDATE,MMN28EJBWMQXVWYCXZPSE3HK10,VALID,2026-02-10 17:40:52,2026-02-10 17:40:55,2026-03-10T14:00:55.415794
10507,2600911,,2026-02-09,,,258.0,ready,2026-02-10 00:41:49,2026-02-10 00:41:49,EXTERNAL,,,,,2026-03-10T14:00:55.415794
10508,2600912,,2026-02-09,,,1853.0,ready,2026-02-10 00:41:49,2026-02-10 00:41:50,VALIDATE,1HC89PZN8694KW60XZPSE3HK10,VALID,2026-02-10 17:40:52,2026-02-10 17:40:55,2026-03-10T14:00:55.415794
10322,2600759,,2026-02-06,,,672.0,ready,2026-02-06 00:39:46,2026-02-06 00:39:47,NORMAL,,,,,2026-03-10T14:00:54.146281
10330,2600760,,2026-02-06,,,14255.0,ready,2026-02-07 00:38:40,2026-02-07 00:38:41,NORMAL,,,,,2026-03-10T14:00:54.146281
10331,2600761,,2026-02-06,,,939.0,ready,2026-02-07 00:38:42,2026-02-07 00:38:42,NORMAL,,,,,2026-03-10T14:00:54.146281
10332,2600762,,2026-02-06,,,4687.0,ready,2026-02-07 00:38:43,2026-02-07 00:38:44,NORMAL,,,,,2026-03-10T14:00:54.146281
10333,2600763,,2026-02-06,,,1233.5,ready,2026-02-07 00:38:45,2026-02-07 00:38:45,NORMAL,,,,,2026-03-10T14:00:54.146281
10334,2600764,,2026-02-06,,,1595.0,ready,2026-02-07 00:38:46,2026-02-07 00:38:46,NORMAL,,,,,2026-03-10T14:00:54.146281
10335,2600765,,2026-02-06,,,1376.5,ready,2026-02-07 00:38:47,2026-02-07 00:38:48,NORMAL,,,,,2026-03-10T14:00:54.146281
10336,2600766,,2026-02-06,,,1584.0,ready,2026-02-07 00:38:48,2026-02-07 00:38:49,NORMAL,,,,,2026-03-10T14:00:54.146281
10337,2600767,,2026-02-06,,,238.0,ready,2026-02-07 00:38:50,2026-02-07 00:38:50,NORMAL,,,,,2026-03-10T14:00:54.146281
10338,2600768,,2026-02-06,,,1992.0,ready,2026-02-07 00:38:51,2026-02-07 00:38:51,NORMAL,,,,,2026-03-10T14:00:54.146281
10339,2600769,,2026-02-06,,,369.0,ready,2026-02-07 00:38:52,2026-02-07 00:38:52,NORMAL,,,,,2026-03-10T14:00:54.146281
10340,2600770,,2026-02-06,,,2800.0,ready,2026-02-07 00:38:53,2026-02-07 00:38:53,NORMAL,,,,,2026-03-10T14:00:54.146281
10341,2600771,,2026-02-06,,,1595.0,ready,2026-02-07 00:38:54,2026-02-07 00:38:55,NORMAL,,,,,2026-03-10T14:00:54.146281
10342,2600772,,2026-02-06,,,159.0,ready,2026-02-07 00:38:55,2026-02-07 00:38:55,NORMAL,,,,,2026-03-10T14:00:54.146281
10343,2600773,,2026-02-06,,,470.0,ready,2026-02-07 00:38:56,2026-02-07 00:38:56,NORMAL,,,,,2026-03-10T14:00:54.146281
10344,2600774,,2026-02-06,,,5253.0,ready,2026-02-07 00:38:57,2026-02-07 00:38:57,NORMAL,,,,,2026-03-10T14:00:54.146281
10345,2600775,,2026-02-06,,,139.0,ready,2026-02-07 00:38:59,2026-02-07 00:38:59,NORMAL,,,,,2026-03-10T14:00:54.146281
10346,2600776,,2026-02-06,,,1078.44,ready,2026-02-07 00:38:59,2026-02-07 00:38:59,NORMAL,,,,,2026-03-10T14:00:54.146281
10347,2600777,,2026-02-06,,,343.0,ready,2026-02-07 00:39:00,2026-02-07 00:39:00,NORMAL,,,,,2026-03-10T14:00:54.146281
10348,2600778,,2026-02-06,,,1827.0,ready,2026-02-07 00:39:01,2026-02-07 00:39:01,NORMAL,,,,,2026-03-10T14:00:54.146281
10349,2600779,,2026-02-06,,,1148.0,ready,2026-02-07 00:39:02,2026-02-07 00:39:02,NORMAL,,,,,2026-03-10T14:00:54.146281
10350,2600780,,2026-02-06,,,1760.0,ready,2026-02-07 00:39:03,2026-02-07 00:39:04,NORMAL,,,,,2026-03-10T14:00:54.146281
10351,2600781,,2026-02-06,,,219.0,ready,2026-02-07 00:39:04,2026-02-07 00:39:05,NORMAL,,,,,2026-03-10T14:00:54.146281
10352,2600782,,2026-02-06,,,2085.0,ready,2026-02-07 00:39:05,2026-02-07 00:39:06,NORMAL,,,,,2026-03-10T14:00:54.146281
10353,2600783,,2026-02-06,,,2614.0,ready,2026-02-07 00:39:07,2026-02-07 00:39:07,NORMAL,,,,,2026-03-10T14:00:54.146281
10354,2600784,,2026-02-06,,,867.5,ready,2026-02-07 00:39:08,2026-02-07 00:39:08,NORMAL,,,,,2026-03-10T14:00:54.146281
10355,2600785,,2026-02-06,,,3356.0,ready,2026-02-07 00:39:09,2026-02-07 00:39:10,NORMAL,,,,,2026-03-10T14:00:54.146281
10356,2600786,,2026-02-06,,,880.0,ready,2026-02-07 00:39:11,2026-02-07 00:39:11,NORMAL,,,,,2026-03-10T14:00:54.146281
10357,2600787,,2026-02-06,,,880.0,ready,2026-02-07 00:39:12,2026-02-07 00:39:12,NORMAL,,,,,2026-03-10T14:00:54.146281
10358,2600788,,2026-02-06,,,880.0,ready,2026-02-07 00:39:13,2026-02-07 00:39:13,NORMAL,,,,,2026-03-10T14:00:54.146281
10359,2600789,,2026-02-06,,,880.0,ready,2026-02-07 00:39:14,2026-02-07 00:39:14,NORMAL,,,,,2026-03-10T14:00:54.146281
10360,2600790,,2026-02-06,,,880.0,ready,2026-02-07 00:39:15,2026-02-07 00:39:15,NORMAL,,,,,2026-03-10T14:00:54.146281
10361,2600791,,2026-02-06,,,880.0,ready,2026-02-07 00:39:15,2026-02-07 00:39:16,NORMAL,,,,,2026-03-10T14:00:54.146281
10362,2600792,,2026-02-06,,,880.0,ready,2026-02-07 00:39:16,2026-02-07 00:39:17,NORMAL,,,,,2026-03-10T14:00:54.146281
10363,2600793,,2026-02-06,,,880.0,ready,2026-02-07 00:39:17,2026-02-07 00:39:18,NORMAL,,,,,2026-03-10T14:00:54.146281
10364,2600794,,2026-02-06,,,880.0,ready,2026-02-07 00:39:18,2026-02-07 00:39:18,NORMAL,,,,,2026-03-10T14:00:54.146281
10365,2600795,,2026-02-06,,,880.0,ready,2026-02-07 00:39:19,2026-02-07 00:39:19,NORMAL,,,,,2026-03-10T14:00:54.784514
10366,2600796,,2026-02-06,,,880.0,ready,2026-02-07 00:39:20,2026-02-07 00:39:20,NORMAL,,,,,2026-03-10T14:00:54.784514
10367,2600797,,2026-02-06,,,3411.5,ready,2026-02-07 00:39:21,2026-02-07 00:39:22,NORMAL,,,,,2026-03-10T14:00:54.784514
10368,2600798,,2026-02-06,,,2233.0,ready,2026-02-07 00:39:23,2026-02-07 00:39:23,NORMAL,,,,,2026-03-10T14:00:54.784514
10369,2600799,,2026-02-06,,,687.0,ready,2026-02-07 00:39:24,2026-02-07 00:39:24,NORMAL,,,,,2026-03-10T14:00:54.784514
10370,2600800,,2026-02-06,,,520.0,ready,2026-02-07 00:39:25,2026-02-07 00:39:25,EXTERNAL,,,,,2026-03-10T14:00:54.784514
10371,2600801,,2026-02-06,,,520.0,ready,2026-02-07 00:39:25,2026-02-07 00:39:25,EXTERNAL,,,,,2026-03-10T14:00:54.784514
10372,2600802,,2026-02-06,,,222.59,ready,2026-02-07 00:39:26,2026-02-07 00:39:26,EXTERNAL,,,,,2026-03-10T14:00:54.784514
10373,2600803,,2026-02-06,,,222.59,ready,2026-02-07 00:39:27,2026-02-07 00:39:27,EXTERNAL,,,,,2026-03-10T14:00:54.784514
10374,2600804,,2026-02-06,,,222.59,ready,2026-02-07 00:39:27,2026-02-07 00:39:27,EXTERNAL,,,,,2026-03-10T14:00:54.784514
10375,2600805,,2026-02-06,,,222.59,ready,2026-02-07 00:39:28,2026-02-07 00:39:28,EXTERNAL,,,,,2026-03-10T14:00:54.784514
10376,TJ22226,,2026-02-06,,,42.0,ready,2026-02-07 00:39:57,2026-02-07 00:39:57,NORMAL,,,,,2026-03-10T14:00:54.784514
10377,TJ22227,,2026-02-06,,,16.0,ready,2026-02-07 00:39:58,2026-02-07 00:39:58,NORMAL,,,,,2026-03-10T14:00:54.784514
10378,TJ22228,,2026-02-06,,,90.0,ready,2026-02-07 00:39:58,2026-02-07 00:39:58,NORMAL,,,,,2026-03-10T14:00:54.784514
10260,2600708,,2026-02-05,,,5770.0,ready,2026-02-05 00:38:43,2026-02-05 00:38:43,NORMAL,,,,,2026-03-10T14:00:54.146281
10261,2600709,,2026-02-05,,,880.0,ready,2026-02-05 00:38:45,2026-02-05 00:38:45,NORMAL,,,,,2026-03-10T14:00:54.146281
10262,2600710,,2026-02-05,,,2800.0,ready,2026-02-05 00:38:46,2026-02-05 00:38:46,NORMAL,,,,,2026-03-10T14:00:54.146281
10263,2600711,,2026-02-05,,,83.0,ready,2026-02-05 00:38:47,2026-02-05 00:38:47,NORMAL,,,,,2026-03-10T14:00:54.146281
10264,2600712,,2026-02-05,,,631.0,ready,2026-02-05 00:38:48,2026-02-05 00:38:48,NORMAL,,,,,2026-03-10T14:00:54.146281
10265,2600713,,2026-02-05,,,1306.0,ready,2026-02-05 00:38:49,2026-02-05 00:38:49,NORMAL,,,,,2026-03-10T14:00:54.146281
10266,2600714,,2026-02-05,,,588.0,ready,2026-02-05 00:38:50,2026-02-05 00:38:50,NORMAL,,,,,2026-03-10T14:00:54.146281
10267,2600715,,2026-02-05,,,239.0,ready,2026-02-05 00:38:51,2026-02-05 00:38:51,NORMAL,,,,,2026-03-10T14:00:54.146281
10268,2600716,,2026-02-05,,,631.0,ready,2026-02-05 00:38:51,2026-02-05 00:38:52,NORMAL,,,,,2026-03-10T14:00:54.146281
10269,2600717,,2026-02-05,,,244.0,ready,2026-02-05 00:38:52,2026-02-05 00:38:52,NORMAL,,,,,2026-03-10T14:00:54.146281
10270,2600718,,2026-02-05,,,720.0,ready,2026-02-05 00:38:53,2026-02-05 00:38:53,NORMAL,,,,,2026-03-10T14:00:54.146281
10271,2600719,,2026-02-05,,,947.0,ready,2026-02-05 00:38:54,2026-02-05 00:38:54,NORMAL,,,,,2026-03-10T14:00:54.146281
10272,2600720,,2026-02-05,,,1104.0,ready,2026-02-05 00:38:55,2026-02-05 00:38:55,NORMAL,,,,,2026-03-10T14:00:54.146281
10273,2600721,,2026-02-05,,,1338.0,ready,2026-02-05 00:38:56,2026-02-05 00:38:56,NORMAL,,,,,2026-03-10T14:00:54.146281
10274,2600722,,2026-02-05,,,683.0,ready,2026-02-05 00:38:57,2026-02-05 00:38:57,NORMAL,,,,,2026-03-10T14:00:54.146281
10275,2600723,,2026-02-05,,,2055.0,ready,2026-02-05 00:38:58,2026-02-05 00:38:58,NORMAL,,,,,2026-03-10T14:00:54.146281
10276,2600724,,2026-02-05,,,180.0,ready,2026-02-05 00:38:59,2026-02-05 00:38:59,NORMAL,,,,,2026-03-10T14:00:54.146281
10277,2600725,,2026-02-05,,,1445.0,ready,2026-02-05 00:39:00,2026-02-05 00:39:00,NORMAL,,,,,2026-03-10T14:00:54.146281
10278,2600726,,2026-02-05,,,452.5,ready,2026-02-05 00:39:01,2026-02-05 00:39:01,NORMAL,,,,,2026-03-10T14:00:54.146281
10279,2600727,,2026-02-05,,,805.3,ready,2026-02-05 00:39:02,2026-02-05 00:39:03,NORMAL,,,,,2026-03-10T14:00:54.146281
10280,2600728,,2026-02-05,,,2472.0,ready,2026-02-05 00:39:04,2026-02-05 00:39:04,NORMAL,,,,,2026-03-10T14:00:54.146281
10281,2600729,,2026-02-05,,,2734.0,ready,2026-02-05 00:39:05,2026-02-05 00:39:05,NORMAL,,,,,2026-03-10T14:00:54.146281
10282,2600730,,2026-02-05,,,1619.0,ready,2026-02-05 00:39:06,2026-02-05 00:39:07,NORMAL,,,,,2026-03-10T14:00:54.146281
10283,2600731,,2026-02-05,,,947.0,ready,2026-02-05 00:39:08,2026-02-05 00:39:08,NORMAL,,,,,2026-03-10T14:00:54.146281
10295,2600732,,2026-02-05,,,947.0,ready,2026-02-06 00:38:59,2026-02-06 00:38:59,NORMAL,,,,,2026-03-10T14:00:54.146281
10296,2600733,,2026-02-05,,,229.0,ready,2026-02-06 00:39:00,2026-02-06 00:39:00,NORMAL,,,,,2026-03-10T14:00:54.146281
10297,2600734,,2026-02-05,,,448.0,ready,2026-02-06 00:39:01,2026-02-06 00:39:01,EXTERNAL,,,,,2026-03-10T14:00:54.146281
10298,2600735,,2026-02-05,,,212.59,ready,2026-02-06 00:39:01,2026-02-06 00:39:01,EXTERNAL,,,,,2026-03-10T14:00:54.146281
10299,2600736,,2026-02-05,,,222.59,ready,2026-02-06 00:39:23,2026-02-06 00:39:23,EXTERNAL,,,,,2026-03-10T14:00:54.146281
10300,2600737,,2026-02-05,,,187.59,ready,2026-02-06 00:39:24,2026-02-06 00:39:24,EXTERNAL,,,,,2026-03-10T14:00:54.146281
10301,2600738,,2026-02-05,,,2336.0,ready,2026-02-06 00:39:24,2026-02-06 00:39:25,NORMAL,,,,,2026-03-10T14:00:54.146281
10302,2600739,,2026-02-05,,,448.0,ready,2026-02-06 00:39:26,2026-02-06 00:39:26,NORMAL,,,,,2026-03-10T14:00:54.146281
10303,2600740,,2026-02-05,,,1595.0,ready,2026-02-06 00:39:26,2026-02-06 00:39:27,NORMAL,,,,,2026-03-10T14:00:54.146281
10304,2600741,,2026-02-05,,,2779.0,ready,2026-02-06 00:39:28,2026-02-06 00:39:28,NORMAL,,,,,2026-03-10T14:00:54.146281
10305,2600742,,2026-02-05,,,1186.0,ready,2026-02-06 00:39:29,2026-02-06 00:39:29,NORMAL,,,,,2026-03-10T14:00:54.146281
10306,2600743,,2026-02-05,,,328.0,ready,2026-02-06 00:39:30,2026-02-06 00:39:30,NORMAL,,,,,2026-03-10T14:00:54.146281
10307,2600744,,2026-02-05,,,194.0,ready,2026-02-06 00:39:30,2026-02-06 00:39:30,NORMAL,,,,,2026-03-10T14:00:54.146281
10308,2600745,,2026-02-05,,,1722.0,ready,2026-02-06 00:39:31,2026-02-06 00:39:31,NORMAL,,,,,2026-03-10T14:00:54.146281
10309,2600746,,2026-02-05,,,46.0,ready,2026-02-06 00:39:33,2026-02-06 00:39:33,NORMAL,,,,,2026-03-10T14:00:54.146281
10310,2600747,,2026-02-05,,,2727.5,ready,2026-02-06 00:39:33,2026-02-06 00:39:34,NORMAL,,,,,2026-03-10T14:00:54.146281
10311,2600748,,2026-02-05,,,25.25,ready,2026-02-06 00:39:35,2026-02-06 00:39:35,NORMAL,,,,,2026-03-10T14:00:54.146281
10312,2600749,,2026-02-05,,,404.0,ready,2026-02-06 00:39:35,2026-02-06 00:39:35,NORMAL,,,,,2026-03-10T14:00:54.146281
10313,2600750,,2026-02-05,,,986.0,ready,2026-02-06 00:39:36,2026-02-06 00:39:36,NORMAL,,,,,2026-03-10T14:00:54.146281
10314,2600751,,2026-02-05,,,331.0,ready,2026-02-06 00:39:37,2026-02-06 00:39:37,NORMAL,,,,,2026-03-10T14:00:54.146281
10315,2600752,,2026-02-05,,,1271.0,ready,2026-02-06 00:39:38,2026-02-06 00:39:38,NORMAL,,,,,2026-03-10T14:00:54.146281
10316,2600753,,2026-02-05,,,7758.0,ready,2026-02-06 00:39:39,2026-02-06 00:39:40,NORMAL,,,,,2026-03-10T14:00:54.146281
10317,2600754,,2026-02-05,,,309.0,ready,2026-02-06 00:39:42,2026-02-06 00:39:42,NORMAL,,,,,2026-03-10T14:00:54.146281
10318,2600755,,2026-02-05,,,2800.0,ready,2026-02-06 00:39:43,2026-02-06 00:39:43,NORMAL,,,,,2026-03-10T14:00:54.146281
10319,2600756,,2026-02-05,,,1595.0,ready,2026-02-06 00:39:44,2026-02-06 00:39:44,NORMAL,,,,,2026-03-10T14:00:54.146281
10320,2600757,,2026-02-05,,,446.0,ready,2026-02-06 00:39:45,2026-02-06 00:39:45,EXTERNAL,,,,,2026-03-10T14:00:54.146281
10321,2600758,,2026-02-05,,,212.59,ready,2026-02-06 00:39:46,2026-02-06 00:39:46,EXTERNAL,,,,,2026-03-10T14:00:54.146281
10323,SB75848,,2026-02-05,,,51.0,ready,2026-02-06 00:40:15,2026-02-06 00:40:15,NORMAL,,,,,2026-03-10T14:00:54.146281
10324,SB76431,,2026-02-05,,,54.0,ready,2026-02-06 00:40:16,2026-02-06 00:40:16,NORMAL,,,,,2026-03-10T14:00:54.146281
10325,SB76432,,2026-02-05,,,63.6,ready,2026-02-06 00:40:16,2026-02-06 00:40:17,NORMAL,,,,,2026-03-10T14:00:54.146281
10326,SB76433,,2026-02-05,,,63.6,ready,2026-02-06 00:40:17,2026-02-06 00:40:17,NORMAL,,,,,2026-03-10T14:00:54.146281
10122,2600595,,2026-02-04,,,2303.0,ready,2026-01-31 00:40:04,2026-01-31 00:40:04,VALIDATE,8NKBS352NT1WBQ3YK6ASV8KK10,VALID,2026-03-09 16:35:27,2026-03-09 16:35:28,2026-03-10T14:00:53.289335
10123,2600596,,2026-02-04,,,567.0,ready,2026-01-31 00:40:05,2026-01-31 00:40:05,VALIDATE,T3C8Z79MKFYCTX5WK6ASV8KK10,VALID,2026-03-09 16:35:27,2026-03-09 16:35:28,2026-03-10T14:00:53.289335
10124,2600597,,2026-02-04,,,980.5,ready,2026-01-31 00:40:06,2026-01-31 00:40:06,VALIDATE,H4GFDQDXV345CFQPK6ASV8KK10,VALID,2026-03-09 16:35:27,2026-03-09 16:35:28,2026-03-10T14:00:53.289335
10125,2600598,,2026-02-04,,,193.0,ready,2026-01-31 00:40:08,2026-01-31 00:40:08,VALIDATE,6PC6E5J65N0FCBEAM6ASV8KK10,VALID,2026-03-09 16:35:27,2026-03-09 16:35:28,2026-03-10T14:00:53.289335
10126,2600599,,2026-02-04,,,1240.0,ready,2026-01-31 00:40:09,2026-01-31 00:40:09,VALIDATE,P7ZVEJENSGHNQFBKM6ASV8KK10,VALID,2026-03-09 16:35:27,2026-03-09 16:35:28,2026-03-10T14:00:53.289335
10127,2600600,,2026-02-04,,,523.0,ready,2026-01-31 00:40:10,2026-01-31 00:40:10,VALIDATE,TVKQK1HSXDKMSV4KM6ASV8KK10,VALID,2026-03-09 16:35:27,2026-03-09 16:35:28,2026-03-10T14:00:53.289335
10128,2600601,,2026-02-04,,,164.0,ready,2026-01-31 00:40:10,2026-01-31 00:40:10,VALIDATE,VZ4FB0YSY72Z0C05M6ASV8KK10,VALID,2026-03-09 16:35:27,2026-03-09 16:35:28,2026-03-10T14:00:53.289335
10129,2600602,,2026-02-04,,,3436.0,ready,2026-01-31 00:40:11,2026-01-31 00:40:11,VALIDATE,RRAE543428Z90Q1CM6ASV8KK10,VALID,2026-03-09 16:35:27,2026-03-09 16:35:28,2026-03-10T14:00:53.289335
10130,2600603,,2026-02-04,,,114.5,ready,2026-01-31 00:40:13,2026-01-31 00:40:13,VALIDATE,H7Z9E0578BQJYX0GM6ASV8KK10,VALID,2026-03-09 16:35:27,2026-03-09 16:35:28,2026-03-10T14:00:53.289335
10131,2600604,,2026-02-04,,,947.0,ready,2026-01-31 00:40:13,2026-01-31 00:40:13,VALIDATE,60XPNAAA5MHAZ9D07RNCKPGK10,VALID,2026-02-05 17:50:57,2026-02-05 17:51:03,2026-03-10T14:00:53.289335
10132,2600605,,2026-02-04,,,1451.0,ready,2026-01-31 00:40:14,2026-01-31 00:40:14,VALIDATE,80QZN39P6EB76HT57RNCKPGK10,VALID,2026-02-05 17:50:57,2026-02-05 17:51:03,2026-03-10T14:00:53.289335
10133,2600606,,2026-02-04,,,567.72,ready,2026-01-31 00:40:16,2026-01-31 00:40:16,VALIDATE,JR92GHWQWWXZKQ3V7RNCKPGK10,VALID,2026-02-05 17:50:57,2026-02-05 17:51:03,2026-03-10T14:00:53.289335
10134,2600607,,2026-02-04,,,795.0,ready,2026-01-31 00:40:16,2026-01-31 00:40:16,VALIDATE,V9FGG3MDWQ8YTT2N7RNCKPGK10,VALID,2026-02-05 17:50:57,2026-02-05 17:51:03,2026-03-10T14:00:53.289335
10135,2600608,,2026-02-04,,,559.5,ready,2026-01-31 00:40:17,2026-01-31 00:40:18,VALIDATE,0C5RBTZ2GSJCHTPE7RNCKPGK10,VALID,2026-02-05 17:50:57,2026-02-05 17:51:03,2026-03-10T14:00:53.289335
10136,2600609,,2026-02-04,,,370.0,ready,2026-01-31 00:40:19,2026-01-31 00:40:19,VALIDATE,ETKWZA0E5D7HHBCT8RNCKPGK10,VALID,2026-02-05 17:50:57,2026-02-05 17:51:03,2026-03-10T14:00:53.289335
10137,2600610,,2026-02-04,,,256.0,ready,2026-01-31 00:40:19,2026-01-31 00:40:20,VALIDATE,3R9B76VFEC7A6VJ28RNCKPGK10,VALID,2026-02-05 17:50:57,2026-02-05 17:51:03,2026-03-10T14:00:53.289335
10138,2600611,,2026-02-04,,,1422.0,ready,2026-01-31 00:40:21,2026-01-31 00:40:21,VALIDATE,BNPMAFFD1GNGJ59P8RNCKPGK10,VALID,2026-02-05 17:50:57,2026-02-05 17:51:03,2026-03-10T14:00:53.289335
10139,2600612,,2026-02-04,,,88.0,ready,2026-01-31 00:40:22,2026-01-31 00:40:22,VALIDATE,B2TN1F9VX65JJ06R8RNCKPGK10,VALID,2026-02-05 17:50:57,2026-02-05 17:51:03,2026-03-10T14:00:53.289335
10140,2600613,,2026-02-04,,,631.0,ready,2026-01-31 00:40:23,2026-01-31 00:40:23,VALIDATE,9TEPJDXNZ3XBT79S8RNCKPGK10,VALID,2026-02-05 17:50:57,2026-02-05 17:51:03,2026-03-10T14:00:53.289335
10142,2600615,,2026-02-04,,,3503.0,ready,2026-01-31 00:40:25,2026-01-31 00:40:25,VALIDATE,WT9R4XF3CSVHMDYW8RNCKPGK10,VALID,2026-02-05 17:50:57,2026-02-05 17:51:03,2026-03-10T14:00:53.289335
10143,2600616,,2026-02-04,,,947.0,ready,2026-01-31 00:40:26,2026-03-04 17:13:11,VALIDATE,S376FMXZ0A5KJJCG8RNCKPGK10,VALID,2026-02-05 17:50:57,2026-02-05 17:51:03,2026-03-10T14:00:53.289335
10144,2600617,,2026-02-04,,,1595.0,ready,2026-01-31 00:40:27,2026-01-31 00:40:27,VALIDATE,JGVMEC0SKAC5NW368RNCKPGK10,VALID,2026-02-05 17:50:57,2026-02-05 17:51:03,2026-03-10T14:00:53.289335
10145,2600618,,2026-02-04,,,1595.0,ready,2026-01-31 00:40:28,2026-01-31 00:40:28,VALIDATE,AYNVHZW8XT4PB61A8RNCKPGK10,VALID,2026-02-05 17:50:57,2026-02-05 17:51:03,2026-03-10T14:00:53.289335
10146,2600619,,2026-02-04,,,1376.0,ready,2026-01-31 00:40:29,2026-01-31 00:40:29,VALIDATE,DR1DWJMAM8AYFYBK9RNCKPGK10,VALID,2026-02-05 17:50:57,2026-02-05 17:51:03,2026-03-10T14:00:53.289335
10147,2600620,,2026-02-04,,,318.4,ready,2026-01-31 00:40:30,2026-01-31 00:40:30,VALIDATE,5FR2V3Q84XY7ZYSS9RNCKPGK10,VALID,2026-02-05 17:50:58,2026-02-05 17:51:03,2026-03-10T14:00:53.289335
10148,2600621,,2026-02-04,,,1144.0,ready,2026-01-31 00:40:30,2026-01-31 00:40:31,VALIDATE,P20YCADY3858ZSRDMKZHKPGK10,VALID,2026-02-05 17:53:55,2026-02-05 17:53:56,2026-03-10T14:00:53.289335
10149,2600622,,2026-02-04,,,483.0,ready,2026-01-31 00:40:32,2026-01-31 00:40:32,VALIDATE,04J6HFS3R8MNVM4GNKZHKPGK10,VALID,2026-02-05 17:53:55,2026-02-05 17:53:56,2026-03-10T14:00:53.289335
10150,2600623,,2026-02-04,,,2507.0,ready,2026-01-31 00:40:33,2026-01-31 00:40:33,VALIDATE,HPJ8X24MH6C5B71Z9RNCKPGK10,VALID,2026-02-05 17:50:58,2026-02-05 17:51:03,2026-03-10T14:00:53.289335
10151,2600624,,2026-02-04,,,795.0,ready,2026-01-31 00:40:34,2026-01-31 00:40:34,VALIDATE,PXMX64T0P2RF43YS9RNCKPGK10,VALID,2026-02-05 17:50:58,2026-02-05 17:51:03,2026-03-10T14:00:53.289335
10152,2600625,,2026-02-04,,,3190.0,ready,2026-01-31 00:40:35,2026-01-31 00:40:35,VALIDATE,ZMPGYYCVMA4AZT7Q9RNCKPGK10,VALID,2026-02-05 17:50:58,2026-02-05 17:51:03,2026-03-10T14:00:53.289335
10154,2600627,,2026-02-04,,,947.0,ready,2026-01-31 00:40:37,2026-01-31 00:40:37,VALIDATE,5YP2E7GDW7V6J9G89RNCKPGK10,VALID,2026-02-05 17:50:58,2026-02-05 17:51:03,2026-03-10T14:00:53.289335
10155,2600628,,2026-02-04,,,648.0,ready,2026-01-31 00:40:38,2026-01-31 00:40:38,VALIDATE,SBHWWR0YT4XBPQZ09RNCKPGK10,VALID,2026-02-05 17:50:58,2026-02-05 17:51:03,2026-03-10T14:00:53.289335
10156,2600629,,2026-02-04,,,1595.0,ready,2026-01-31 00:40:38,2026-01-31 00:40:39,VALIDATE,5SJG9V17E89RZ0PD9RNCKPGK10,VALID,2026-02-05 17:50:58,2026-02-05 17:51:03,2026-03-10T14:00:53.289335
10157,2600630,,2026-02-04,,,947.0,ready,2026-01-31 00:40:39,2026-01-31 00:40:39,VALIDATE,D9W0HFY6J4E265HP9RNCKPGK10,VALID,2026-02-05 17:50:58,2026-02-05 17:51:03,2026-03-10T14:00:53.289335
10158,2600631,,2026-02-04,,,648.0,ready,2026-01-31 00:40:40,2026-01-31 00:40:40,VALIDATE,ASYQEK25R8WKH62DARNCKPGK10,VALID,2026-02-05 17:50:58,2026-02-05 17:51:03,2026-03-10T14:00:53.289335
10159,2600632,,2026-02-04,,,1963.0,ready,2026-01-31 00:40:41,2026-01-31 00:40:41,VALIDATE,59QT1D9N4C6AT43AARNCKPGK10,VALID,2026-02-05 17:50:58,2026-02-05 17:51:03,2026-03-10T14:00:53.289335
10160,2600633,,2026-02-04,,,959.0,ready,2026-01-31 00:40:42,2026-01-31 00:40:42,VALIDATE,MFDKP9HM267JN5T5ARNCKPGK10,VALID,2026-02-05 17:50:58,2026-02-05 17:51:03,2026-03-10T14:00:53.289335
10161,2600634,,2026-02-04,,,623.0,ready,2026-01-31 00:40:43,2026-01-31 00:40:43,VALIDATE,2EH8NP1FB8082WH7ARNCKPGK10,VALID,2026-02-05 17:50:58,2026-02-05 17:51:03,2026-03-10T14:00:53.289335
10183,2600639,,2026-02-04,,,2800.0,ready,2026-02-04 15:26:38,2026-02-04 15:26:39,VALIDATE,PXMT6YFZXKKXXDGBARNCKPGK10,VALID,2026-02-05 17:50:58,2026-02-05 17:51:03,2026-03-10T14:00:53.289335
10184,2600640,,2026-02-04,,,992.0,ready,2026-02-04 15:26:40,2026-02-04 15:26:40,VALIDATE,MEV0DR3TW109TFS3ARNCKPGK10,VALID,2026-02-05 17:50:58,2026-02-05 17:51:03,2026-03-10T14:00:53.289335
10185,2600641,,2026-02-04,,,23.4,ready,2026-02-04 15:26:40,2026-02-04 15:26:41,VALIDATE,RYSHYAGAE8KM2J0QARNCKPGK10,VALID,2026-02-05 17:50:58,2026-02-05 17:51:03,2026-03-10T14:00:53.289335
10186,2600642,,2026-02-04,,,1171.0,ready,2026-02-04 15:26:41,2026-02-04 15:26:41,VALIDATE,CMNE1EXXMV7MPHXDARNCKPGK10,VALID,2026-02-05 17:50:58,2026-02-05 17:51:03,2026-03-10T14:00:53.289335
10187,2600643,,2026-02-04,,,627.0,ready,2026-02-04 15:26:42,2026-02-04 15:26:42,VALIDATE,HJHHCMXM7YPJMP3TARNCKPGK10,VALID,2026-02-05 17:50:58,2026-02-05 17:51:03,2026-03-10T14:00:53.289335
10188,2600644,,2026-02-04,,,91.5,ready,2026-02-04 15:26:43,2026-02-04 15:26:43,VALIDATE,QPJV4JXCWZS7397QARNCKPGK10,VALID,2026-02-05 17:50:58,2026-02-05 17:51:03,2026-03-10T14:00:53.289335
10189,2600645,,2026-02-04,,,368.0,ready,2026-02-04 15:26:44,2026-02-04 15:26:44,EXTERNAL,,,,,2026-03-10T14:00:53.289335
10190,2600646,,2026-02-04,,,2671.0,ready,2026-02-04 15:26:45,2026-02-04 15:26:45,VALIDATE,Z38S3DV747G8HAXNBRNCKPGK10,VALID,2026-02-05 17:50:58,2026-02-05 17:51:03,2026-03-10T14:00:53.289335
10191,2600647,,2026-02-04,,,328.0,ready,2026-02-04 15:26:46,2026-02-04 15:26:46,VALIDATE,A2JYRQ9V4K8MGEX6BRNCKPGK10,VALID,2026-02-05 17:50:58,2026-02-05 17:51:03,2026-03-10T14:00:53.289335
10192,2600648,,2026-02-04,,,298.0,ready,2026-02-04 15:26:47,2026-02-04 15:26:47,EXTERNAL,,,,,2026-03-10T14:00:53.289335
10193,2600649,,2026-02-04,,,424.0,ready,2026-02-04 15:26:48,2026-02-04 15:26:48,VALIDATE,N2F8329KZSHBY8GKBRNCKPGK10,VALID,2026-02-05 17:50:58,2026-02-05 17:51:03,2026-03-10T14:00:53.289335
10194,2600650,,2026-02-04,,,520.0,ready,2026-02-04 15:26:49,2026-02-04 15:26:49,EXTERNAL,,,,,2026-03-10T14:00:53.289335
10195,2600651,,2026-02-04,,,520.0,ready,2026-02-04 15:26:49,2026-02-04 15:26:49,EXTERNAL,,,,,2026-03-10T14:00:53.289335
10196,2600652,,2026-02-04,,,508.0,ready,2026-02-04 15:26:50,2026-02-04 15:26:50,EXTERNAL,,,,,2026-03-10T14:00:53.289335
10197,2600653,,2026-02-04,,,379.0,ready,2026-02-04 15:26:51,2026-02-04 15:26:51,EXTERNAL,,,,,2026-03-10T14:00:53.289335
10198,2600654,,2026-02-04,,,301.76,ready,2026-02-04 15:26:51,2026-02-04 15:26:51,EXTERNAL,,,,,2026-03-10T14:00:53.289335
10199,2600655,,2026-02-04,,,298.0,ready,2026-02-04 15:26:52,2026-02-04 15:26:52,EXTERNAL,,,,,2026-03-10T14:00:53.289335
10200,2600656,,2026-02-04,,,508.0,ready,2026-02-04 15:26:53,2026-02-04 15:26:53,EXTERNAL,,,,,2026-03-10T14:00:53.289335
10201,2600657,,2026-02-04,,,462.0,ready,2026-02-04 15:26:53,2026-02-04 15:26:53,EXTERNAL,,,,,2026-03-10T14:00:53.289335
10202,2600658,,2026-02-04,,,308.0,ready,2026-02-04 15:26:54,2026-02-04 15:26:54,EXTERNAL,,,,,2026-03-10T14:00:53.289335
10203,2600659,,2026-02-04,,,308.0,ready,2026-02-04 15:26:55,2026-02-04 15:26:55,EXTERNAL,,,,,2026-03-10T14:00:53.289335
10204,2600660,,2026-02-04,,,308.0,ready,2026-02-04 15:26:55,2026-02-04 15:26:55,EXTERNAL,,,,,2026-03-10T14:00:53.289335
10205,2600661,,2026-02-04,,,641.5,ready,2026-02-04 15:26:56,2026-02-04 15:26:56,VALIDATE,F8PVH5Q1DRRZ8TTKBRNCKPGK10,VALID,2026-02-05 17:50:58,2026-02-05 17:51:03,2026-03-10T14:00:53.289335
10206,2600662,,2026-02-04,,,808.0,ready,2026-02-04 15:26:57,2026-02-04 15:26:57,VALIDATE,WE69YH1N4FZ7M7PQBRNCKPGK10,VALID,2026-02-05 17:50:58,2026-02-05 17:51:03,2026-03-10T14:00:53.289335
10207,2600663,,2026-02-04,,,648.0,ready,2026-02-04 15:26:58,2026-02-04 15:26:58,VALIDATE,ZE2DSWFWREYQ7S05BRNCKPGK10,VALID,2026-02-05 17:50:58,2026-02-05 17:51:03,2026-03-10T14:00:53.289335
10208,2600664,,2026-02-04,,,212.59,ready,2026-02-04 15:26:59,2026-02-04 15:26:59,EXTERNAL,,,,,2026-03-10T14:00:53.289335
10209,2600665,,2026-02-04,,,809.25,ready,2026-02-04 15:26:59,2026-02-04 15:27:00,VALIDATE,1D4HCKKHSNWNNXJ6BRNCKPGK10,VALID,2026-02-05 17:50:58,2026-02-05 17:51:03,2026-03-10T14:00:53.289335
10210,2600666,,2026-02-04,,,177.0,ready,2026-02-04 15:27:01,2026-02-04 15:27:01,VALIDATE,95DRZM031PYGMD6EBRNCKPGK10,VALID,2026-02-05 17:50:58,2026-02-05 17:51:03,2026-03-10T14:00:53.289335
10211,2600667,,2026-02-04,,,1775.0,ready,2026-02-04 15:27:02,2026-02-04 15:27:02,VALIDATE,YXTDBQBE4WXRP979CRNCKPGK10,VALID,2026-02-05 17:50:58,2026-02-05 17:51:03,2026-03-10T14:00:53.289335
10212,2600668,,2026-02-04,,,599.0,ready,2026-02-04 15:27:03,2026-02-04 15:27:03,VALIDATE,RGRWW17FR6V3NSTRCRNCKPGK10,VALID,2026-02-05 17:50:58,2026-02-05 17:51:03,2026-03-10T14:00:53.289335
10213,2600669,,2026-02-04,,,117.5,ready,2026-02-04 15:27:04,2026-02-04 15:27:04,VALIDATE,293HYNTG2XZNSJ92CRNCKPGK10,VALID,2026-02-05 17:50:58,2026-02-05 17:51:03,2026-03-10T14:00:53.289335
10214,2600670,,2026-02-04,,,39.0,ready,2026-02-04 15:27:05,2026-02-04 15:27:05,VALIDATE,8Z9XE8TZG8TQA6YWCRNCKPGK10,VALID,2026-02-05 17:50:58,2026-02-05 17:51:03,2026-03-10T14:00:53.289335
10215,2600671,,2026-02-04,,,2605.0,ready,2026-02-04 15:27:06,2026-02-04 15:27:06,VALIDATE,DZT59KZP38PXHTQ8CRNCKPGK10,VALID,2026-02-05 17:50:59,2026-02-05 17:51:03,2026-03-10T14:00:53.289335
10216,2600672,,2026-02-04,,,6558.5,ready,2026-02-04 15:27:08,2026-02-04 15:27:08,VALIDATE,ZBVA3WGZRVP1ZE7CCRNCKPGK10,VALID,2026-02-05 17:50:59,2026-02-05 17:51:03,2026-03-10T14:00:53.289335
10217,2600673,,2026-02-04,,,55.0,ready,2026-02-04 15:27:10,2026-02-04 15:27:10,VALIDATE,EAFWR8XZ8P95F2YSDRNCKPGK10,VALID,2026-02-05 17:50:59,2026-02-05 17:51:03,2026-03-10T14:00:53.289335
10218,2600674,,2026-02-04,,,973.0,ready,2026-02-04 15:27:11,2026-02-04 15:27:11,VALIDATE,DNDW49MBKND8KA3ZDRNCKPGK10,VALID,2026-02-05 17:50:59,2026-02-05 17:51:03,2026-03-10T14:00:53.289335
10219,2600675,,2026-02-04,,,947.0,ready,2026-02-04 15:27:12,2026-02-04 15:27:12,VALIDATE,HBESN1HPW6VE6YYZDRNCKPGK10,VALID,2026-02-05 17:50:59,2026-02-05 17:51:03,2026-03-10T14:00:53.289335
10220,2600676,,2026-02-04,,,717.0,ready,2026-02-04 15:27:13,2026-02-04 15:27:13,VALIDATE,TT5SESJX3SWGPJ70DRNCKPGK10,VALID,2026-02-05 17:50:59,2026-02-05 17:51:03,2026-03-10T14:00:53.289335
10221,2600677,,2026-02-04,,,656.6,ready,2026-02-04 15:27:14,2026-02-04 15:27:14,VALIDATE,PNFDSH6SENBHEGV5DRNCKPGK10,VALID,2026-02-05 17:50:59,2026-02-05 17:51:03,2026-03-10T14:00:53.289335
10222,2600678,,2026-02-04,,,1195.0,ready,2026-02-04 15:27:15,2026-02-04 15:27:15,VALIDATE,S1ZQDAWHFV98YZ1FERNCKPGK10,VALID,2026-02-05 17:50:59,2026-02-05 17:51:03,2026-03-10T14:00:53.289335
10223,2600679,,2026-02-04,,,905.0,ready,2026-02-04 15:27:17,2026-02-04 15:27:17,VALIDATE,VCRPDTK1B7VMSEZJERNCKPGK10,VALID,2026-02-05 17:50:59,2026-02-05 17:51:03,2026-03-10T14:00:53.289335
10224,2600680,,2026-02-04,,,710.5,ready,2026-02-04 15:27:18,2026-02-04 15:27:19,VALIDATE,4NHSXC25N8VED9T7ERNCKPGK10,VALID,2026-02-05 17:50:59,2026-02-05 17:51:03,2026-03-10T14:00:53.289335
10225,2600681,,2026-02-04,,,61.5,ready,2026-02-04 15:27:20,2026-02-04 15:27:20,VALIDATE,NVZ72T4MNB7SMQ6JERNCKPGK10,VALID,2026-02-05 17:50:59,2026-02-05 17:51:03,2026-03-10T14:00:53.289335
10226,2600682,,2026-02-04,,,2731.0,ready,2026-02-04 15:27:21,2026-02-04 15:27:21,VALIDATE,P4ZEW9NVZJTY4ENDERNCKPGK10,VALID,2026-02-05 17:50:59,2026-02-05 17:51:03,2026-03-10T14:00:53.289335
10227,2600683,,2026-02-04,,,164.0,ready,2026-02-04 15:27:22,2026-02-04 15:27:22,VALIDATE,1QR2KYNTSRPMS0C3FRNCKPGK10,VALID,2026-02-05 17:50:59,2026-02-05 17:51:03,2026-03-10T14:00:53.289335
10228,2600684,,2026-02-04,,,1287.0,ready,2026-02-04 15:27:23,2026-02-04 15:27:23,NORMAL,,,,,2026-03-10T14:00:53.289335
10229,2600685,,2026-02-04,,,1833.0,ready,2026-02-04 15:27:24,2026-02-04 15:27:24,NORMAL,,,,,2026-03-10T14:00:53.289335
10230,2600686,,2026-02-04,,,648.0,ready,2026-02-04 15:27:25,2026-02-04 15:27:25,VALIDATE,2HE2C0Q35HWYW6S8FRNCKPGK10,VALID,2026-02-05 17:50:59,2026-02-05 17:51:03,2026-03-10T14:00:53.289335
10231,2600687,,2026-02-04,,,565.5,ready,2026-02-04 15:27:26,2026-02-04 15:27:26,VALIDATE,HW8PV3TCSSYTCRY5FRNCKPGK10,VALID,2026-02-05 17:50:59,2026-02-05 17:51:03,2026-03-10T14:00:53.289335
10232,2600688,,2026-02-04,,,117.5,ready,2026-02-04 15:27:27,2026-02-04 15:27:27,VALIDATE,HCZB2EDJ1M0XTXXXFRNCKPGK10,VALID,2026-02-05 17:50:59,2026-02-05 17:51:03,2026-03-10T14:00:53.289335
10233,2600689,,2026-02-04,,,567.0,ready,2026-02-04 15:27:28,2026-02-04 15:27:28,VALIDATE,78DCSHBPY4G16R5DFRNCKPGK10,VALID,2026-02-05 17:50:59,2026-02-05 17:51:03,2026-03-10T14:00:53.289335
10234,2600690,,2026-02-04,,,2501.0,ready,2026-02-04 15:27:29,2026-02-04 15:27:29,VALIDATE,AD56KV7FZSBK8SJKFRNCKPGK10,VALID,2026-02-05 17:50:59,2026-02-05 17:51:03,2026-03-10T14:00:53.289335
10235,2600691,,2026-02-04,,,1205.0,ready,2026-02-04 15:27:31,2026-02-04 15:27:31,VALIDATE,P6XCBZ07BS6N86ZMGRNCKPGK10,VALID,2026-02-05 17:50:59,2026-02-05 17:51:03,2026-03-10T14:00:53.289335
10236,2600692,,2026-02-04,,,1949.0,ready,2026-02-04 15:27:32,2026-02-04 15:27:32,VALIDATE,MKM88GVEPB5GHA4KGRNCKPGK10,VALID,2026-02-05 17:50:59,2026-02-05 17:51:03,2026-03-10T14:00:53.289335
10237,2600693,,2026-02-04,,,1240.0,ready,2026-02-04 15:27:33,2026-02-04 15:27:33,VALIDATE,M7M5906PQDNKPE36GRNCKPGK10,VALID,2026-02-05 17:50:59,2026-02-05 17:51:03,2026-03-10T14:00:53.289335
10238,2600694,,2026-02-04,,,478.0,ready,2026-02-04 15:27:34,2026-02-04 15:27:34,VALIDATE,A8YJY3CK60YMXC3DGRNCKPGK10,VALID,2026-02-05 17:50:59,2026-02-05 17:51:03,2026-03-10T14:00:53.289335
10239,2600695,,2026-02-04,,,1.8,ready,2026-02-04 15:27:35,2026-02-04 15:27:35,VALIDATE,8X3DECZVSQT9G733GTNCKPGK10,VALID,2026-02-05 17:50:59,2026-02-05 17:51:03,2026-03-10T14:00:53.289335
10240,2600696,,2026-02-04,,,730.5,ready,2026-02-04 15:27:36,2026-02-04 15:27:36,VALIDATE,6807TFBWZHP4K2BQHTNCKPGK10,VALID,2026-02-05 17:50:59,2026-02-05 17:51:03,2026-03-10T14:00:53.289335
10241,2600697,,2026-02-04,,,1019.5,ready,2026-02-04 15:27:37,2026-02-04 15:27:38,VALIDATE,NA52HE2TNBC5KVE2HTNCKPGK10,VALID,2026-02-05 17:50:59,2026-02-05 17:51:03,2026-03-10T14:00:53.289335
10242,2600698,,2026-02-04,,,38.6,ready,2026-02-04 15:27:39,2026-02-04 15:27:39,VALIDATE,SSFAY0RVNCXM9KKGHTNCKPGK10,VALID,2026-02-05 17:50:59,2026-02-05 17:51:03,2026-03-10T14:00:53.289335
10243,2600699,,2026-02-04,,,3497.0,ready,2026-02-04 15:27:40,2026-02-04 15:27:40,VALIDATE,S90C0YDXKMCDA4P3HTNCKPGK10,VALID,2026-02-05 17:50:59,2026-02-05 17:51:03,2026-03-10T14:00:53.289335
10244,2600700,,2026-02-04,,,1350.0,ready,2026-02-04 15:27:42,2026-02-04 15:27:42,VALIDATE,JR2RHNYTVHXEVG0GHTNCKPGK10,VALID,2026-02-05 17:50:59,2026-02-05 17:51:03,2026-03-10T14:00:53.289335
10245,2600701,,2026-02-04,,,648.0,ready,2026-02-04 15:27:43,2026-02-04 15:27:43,VALIDATE,10S9RQJ7B04YJ9DTHTNCKPGK10,VALID,2026-02-05 17:50:59,2026-02-05 17:51:03,2026-03-10T14:00:54.146281
10246,2600702,,2026-02-04,,,493.0,ready,2026-02-04 15:27:44,2026-02-04 15:27:44,VALIDATE,SXGKB79WPGZ4CQ07JTNCKPGK10,VALID,2026-02-05 17:50:59,2026-02-05 17:51:03,2026-03-10T14:00:54.146281
10247,2600703,,2026-02-04,,,148.0,ready,2026-02-04 15:27:44,2026-02-04 15:27:45,VALIDATE,5NS60EKHYNGM6Y69NKZHKPGK10,VALID,2026-02-05 17:53:55,2026-02-05 17:53:56,2026-03-10T14:00:54.146281
10248,2600704,,2026-02-04,,,2338.6,ready,2026-02-04 15:27:46,2026-02-04 15:27:46,VALIDATE,MF8SVEYZBTYTPSZGJTNCKPGK10,VALID,2026-02-05 17:50:59,2026-02-05 17:51:03,2026-03-10T14:00:54.146281
10249,2600705,,2026-02-04,,,1016.0,ready,2026-02-04 15:27:48,2026-02-04 15:27:48,VALIDATE,EBR618NSP2VXVQV6JTNCKPGK10,VALID,2026-02-05 17:51:00,2026-02-05 17:51:03,2026-03-10T14:00:54.146281
10250,2600706,,2026-02-04,,,369.0,ready,2026-02-04 15:27:49,2026-02-04 15:27:49,VALIDATE,K4GZ5Z8P834B2M15JTNCKPGK10,VALID,2026-02-05 17:51:00,2026-02-05 17:51:03,2026-03-10T14:00:54.146281
10251,2600707,,2026-02-04,,,245.0,ready,2026-02-04 15:27:50,2026-02-04 15:27:51,VALIDATE,73HX49N8XQ6BK9Y4NKZHKPGK10,VALID,2026-02-05 17:53:55,2026-02-05 17:53:56,2026-03-10T14:00:54.146281
10252,TJ22224,,2026-02-04,,,90.0,ready,2026-02-04 15:28:21,2026-02-04 15:28:21,VALIDATE,VX4CVY3N0PGRARKTJTNCKPGK10,VALID,2026-02-05 17:51:00,2026-02-05 17:51:03,2026-03-10T14:00:54.146281
10253,TJ22225,,2026-02-04,,,90.0,ready,2026-02-04 15:28:21,2026-02-04 15:28:22,VALIDATE,8M1Z36BXJ1YZ0W0CJTNCKPGK10,VALID,2026-02-05 17:51:00,2026-02-05 17:51:03,2026-03-10T14:00:54.146281
11162,2600616A,,2026-02-04,,,1205.0,ready,2026-03-09 17:04:48,2026-03-09 17:04:48,VALIDATE,XZP4BCV8YDMWG1XWS4GHX8KK10,VALID,2026-03-09 17:06:09,2026-03-09 17:06:09,2026-03-10T14:00:57.352855
10171,2600635,,2026-01-31,,,248.0,ready,2026-02-03 00:38:52,2026-02-03 00:38:52,EXTERNAL,,,,,2026-03-10T14:00:52.629182
10172,2600636,,2026-01-31,,,458.0,ready,2026-02-03 00:38:52,2026-02-03 00:38:52,EXTERNAL,,,,,2026-03-10T14:00:52.629182
10173,2600637,,2026-01-31,,,520.0,ready,2026-02-03 00:38:53,2026-02-03 00:38:53,EXTERNAL,,,,,2026-03-10T14:00:52.629182
10174,2600638,,2026-01-31,,,524.12,ready,2026-02-03 00:38:54,2026-02-03 00:38:54,EXTERNAL,,,,,2026-03-10T14:00:52.629182
10096,2600589,,2026-01-30,,,1351.84,ready,2026-01-30 00:40:26,2026-01-30 00:40:26,NORMAL,,,,,2026-03-10T14:00:52.188530
10097,2600590,,2026-01-30,,,1294.84,ready,2026-01-30 00:40:27,2026-01-30 00:40:27,NORMAL,,,,,2026-03-10T14:00:52.188530
10118,2600591,,2026-01-30,,,1578.7,ready,2026-01-31 00:40:00,2026-01-31 00:40:00,NORMAL,,,,,2026-03-10T14:00:52.188530
10119,2600592,,2026-01-30,,,159.0,ready,2026-01-31 00:40:01,2026-01-31 00:40:01,NORMAL,,,,,2026-03-10T14:00:52.188530
10120,2600593,,2026-01-30,,,159.0,ready,2026-01-31 00:40:02,2026-01-31 00:40:02,NORMAL,,,,,2026-03-10T14:00:52.188530
10121,2600594,,2026-01-30,,,373.0,ready,2026-01-31 00:40:02,2026-01-31 00:40:03,NORMAL,,,,,2026-03-10T14:00:52.188530
10141,2600614,,2026-01-30,,,631.0,ready,2026-01-31 00:40:24,2026-01-31 00:40:24,NORMAL,,,,,2026-03-10T14:00:52.188530
10153,2600626,,2026-01-30,,,642.0,ready,2026-01-31 00:40:36,2026-01-31 00:40:36,EXTERNAL,,,,,2026-03-10T14:00:52.188530
10162,TJ22223,,2026-01-30,,,33.0,ready,2026-01-31 00:41:11,2026-01-31 00:41:11,NORMAL,,,,,2026-03-10T14:00:52.629182
10069,2600572,,2026-01-29,,,1287.0,ready,2026-01-29 00:40:24,2026-01-29 00:40:24,VALIDATE,SCB7AJP9CBD6X81SWCZ857GK10,VALID,2026-01-30 17:55:42,2026-01-30 17:55:45,2026-03-10T14:00:52.188530
10081,2600573,,2026-01-29,,,5377.0,ready,2026-01-30 00:40:05,2026-01-30 00:40:05,VALIDATE,KMJ684RZMBC1CB17XCZ857GK10,VALID,2026-01-30 17:55:42,2026-01-30 17:55:45,2026-03-10T14:00:52.188530
10082,2600574,,2026-01-29,,,652.5,ready,2026-01-30 00:40:07,2026-01-30 00:40:07,VALIDATE,FVFBQKSS0WPD4SP2XCZ857GK10,VALID,2026-01-30 17:55:42,2026-01-30 17:55:45,2026-03-10T14:00:52.188530
10083,2600575,,2026-01-29,,,2447.0,ready,2026-01-30 00:40:08,2026-01-30 00:40:08,VALIDATE,MM73FPPV5WTEAJTSYCZ857GK10,VALID,2026-01-30 17:55:42,2026-01-30 17:55:45,2026-03-10T14:00:52.188530
10084,2600576,,2026-01-29,,,1451.0,ready,2026-01-30 00:40:09,2026-01-30 00:40:09,VALIDATE,CMBFSKZM2AENA3A7YCZ857GK10,VALID,2026-01-30 17:55:42,2026-01-30 17:55:45,2026-03-10T14:00:52.188530
10085,2600577,,2026-01-29,,,2062.0,ready,2026-01-30 00:40:10,2026-01-30 00:40:11,VALIDATE,1EE807W7PSYA7FNGYCZ857GK10,VALID,2026-01-30 17:55:42,2026-01-30 17:55:45,2026-03-10T14:00:52.188530
10086,2600578,,2026-01-29,,,2246.0,ready,2026-01-30 00:40:12,2026-01-30 00:40:13,VALIDATE,K9FP91VVSDVPPXHVYCZ857GK10,VALID,2026-01-30 17:55:43,2026-01-30 17:55:45,2026-03-10T14:00:52.188530
10087,2600579,,2026-01-29,,,7301.0,ready,2026-01-30 00:40:14,2026-01-30 00:40:14,VALIDATE,MKNP9YN2F2WK1JKTZCZ857GK10,VALID,2026-01-30 17:55:43,2026-01-30 17:55:45,2026-03-10T14:00:52.188530
10088,2600580,,2026-01-29,,,6738.0,ready,2026-01-30 00:40:16,2026-01-30 00:40:17,VALIDATE,NNZB81R4DEBXR9A4ZCZ857GK10,VALID,2026-01-30 17:55:43,2026-01-30 17:55:45,2026-03-10T14:00:52.188530
10089,2600581,,2026-01-29,,,2253.0,ready,2026-01-30 00:40:18,2026-01-30 00:40:19,VALIDATE,JSEM5GAEZET87HX2ZCZ857GK10,VALID,2026-01-30 17:55:43,2026-01-30 17:55:44,2026-03-10T14:00:52.188530
10090,2600582,,2026-01-29,,,402.5,ready,2026-01-30 00:40:19,2026-01-30 00:40:20,VALIDATE,ZKN1DEQHZNZW1D9Y0DZ857GK10,VALID,2026-01-30 17:55:43,2026-01-30 17:55:45,2026-03-10T14:00:52.188530
10091,2600583,,2026-01-29,,,780.0,ready,2026-01-30 00:40:20,2026-01-30 00:40:20,VALIDATE,A1BDE1KEP2TG6HWA1DZ857GK10,VALID,2026-01-30 17:55:43,2026-01-30 17:55:45,2026-03-10T14:00:52.188530
10092,2600584,,2026-01-29,,,558.0,ready,2026-01-30 00:40:21,2026-01-30 00:40:21,VALIDATE,Z71WQ3EJ4WR6KSP72DZ857GK10,VALID,2026-01-30 17:55:43,2026-01-30 17:55:45,2026-03-10T14:00:52.188530
10093,2600585,,2026-01-29,,,545.5,ready,2026-01-30 00:40:22,2026-01-30 00:40:22,VALIDATE,J8NSXH67D5G37CAW2DZ857GK10,VALID,2026-01-30 17:55:43,2026-01-30 17:55:45,2026-03-10T14:00:52.188530
10094,2600586,,2026-01-29,,,9.3,ready,2026-01-30 00:40:23,2026-01-30 00:40:23,VALIDATE,8MKB1PMM0ZJFVBH72DZ857GK10,VALID,2026-01-30 17:55:43,2026-01-30 17:55:45,2026-03-10T14:00:52.188530
10095,2600587,,2026-01-29,,,2719.6,ready,2026-01-30 00:40:24,2026-01-30 00:40:25,VALIDATE,QF88QGJFBE3B4RC42DZ857GK10,VALID,2026-01-30 17:55:43,2026-01-30 17:55:45,2026-03-10T14:00:52.188530
10098,SB76292,,2026-01-29,,,70.0,ready,2026-01-30 00:40:54,2026-01-30 00:40:54,NORMAL,,,,,2026-03-10T14:00:52.188530
10099,TJ22221,,2026-01-29,,,57.6,ready,2026-01-30 00:40:55,2026-01-30 00:40:55,VALIDATE,M7BAJW1WTR07792C2DZ857GK10,VALID,2026-01-30 17:55:43,2026-01-30 17:55:45,2026-03-10T14:00:52.188530
10100,TJ22222,,2026-01-29,,,57.6,ready,2026-01-30 00:40:55,2026-01-30 00:40:55,VALIDATE,BQ52QP35CZYSDEXS2DZ857GK10,VALID,2026-01-30 17:55:43,2026-01-30 17:55:45,2026-03-10T14:00:52.188530
10117,2600588,,2026-01-29,,,372.0,ready,2026-01-31 00:39:59,2026-01-31 00:39:59,EXTERNAL,,,,,2026-03-10T14:00:52.188530
10061,2600564,,2026-01-28,,,1532.0,ready,2026-01-29 00:40:15,2026-01-29 00:40:15,VALIDATE,28QKZRGVH07Q7EEXQAZ857GK10,VALID,2026-01-30 17:55:42,2026-01-30 17:55:45,2026-03-10T14:00:52.188530
10062,2600565,,2026-01-28,,,815.0,ready,2026-01-29 00:40:16,2026-01-29 00:40:17,VALIDATE,N4PR92Y8Q7088HB7QAZ857GK10,VALID,2026-01-30 17:55:42,2026-01-30 17:55:44,2026-03-10T14:00:52.188530
10063,2600566,,2026-01-28,,,545.0,ready,2026-01-29 00:40:17,2026-01-29 00:40:17,VALIDATE,8E8ENWT2MT1JEDFZQAZ857GK10,VALID,2026-01-30 17:55:42,2026-01-30 17:55:44,2026-03-10T14:00:52.188530
10064,2600567,,2026-01-28,,,1876.0,ready,2026-01-29 00:40:18,2026-01-29 00:40:19,VALIDATE,F0NWJMNJABTFXXDJQAZ857GK10,VALID,2026-01-30 17:55:42,2026-01-30 17:55:44,2026-03-10T14:00:52.188530
10065,2600568,,2026-01-28,,,737.0,ready,2026-01-29 00:40:19,2026-01-29 00:40:20,VALIDATE,PWYED83M8FYHXMD7QAZ857GK10,VALID,2026-01-30 17:55:42,2026-01-30 17:55:45,2026-03-10T14:00:52.188530
10066,2600569,,2026-01-28,,,42.0,ready,2026-01-29 00:40:20,2026-01-29 00:40:20,VALIDATE,HFSE5PQ6JW2RED2CQAZ857GK10,VALID,2026-01-30 17:55:42,2026-01-30 17:55:44,2026-03-10T14:00:52.188530
10067,2600570,,2026-01-28,,,3339.5,ready,2026-01-29 00:40:21,2026-01-29 00:40:22,VALIDATE,MXAY05HE96MTHTMTRAZ857GK10,VALID,2026-01-30 17:55:42,2026-01-30 17:55:45,2026-03-10T14:00:52.188530
10068,2600571,,2026-01-28,,,665.6,ready,2026-01-29 00:40:23,2026-01-29 00:40:23,VALIDATE,BCQTEQ27ENQ7STCGRAZ857GK10,VALID,2026-01-30 17:55:42,2026-01-30 17:55:45,2026-03-10T14:00:52.188530
10070,SB75844,,2026-01-28,,,30.0,ready,2026-01-29 00:40:50,2026-01-29 00:40:50,VALIDATE,TQ1GSJQ7HDST4T0HXCZ857GK10,VALID,2026-01-30 17:55:42,2026-01-30 17:55:45,2026-03-10T14:00:52.188530
10071,TJ22219,,2026-01-28,,,63.6,ready,2026-01-29 00:40:51,2026-01-29 00:40:51,VALIDATE,5NJMF504V501R9EBXCZ857GK10,VALID,2026-01-30 17:55:42,2026-01-30 17:55:45,2026-03-10T14:00:52.188530
10072,TJ22220,,2026-01-28,,,34.8,ready,2026-01-29 00:40:52,2026-01-29 00:40:52,NORMAL,,,,,2026-03-10T14:00:52.188530
10078,DN26/0102,,2026-01-28,,,362.5,ready,2026-01-30 00:39:33,2026-01-30 00:39:33,VALIDATE,RGB7YPW36C2HHR4JXCZ857GK10,VALID,2026-01-30 17:55:42,2026-01-30 17:55:45,2026-03-10T14:00:52.188530
10019,2600543,,2026-01-27,,,125.0,ready,2026-01-27 00:40:10,2026-01-27 00:40:10,VALIDATE,57YW0NG5P2V45EPM9JYC02GK10,VALID,2026-01-28 17:54:18,2026-01-28 17:54:20,2026-03-10T14:00:52.188530
10021,2600545,,2026-01-27,,,631.0,ready,2026-01-27 00:40:12,2026-01-27 00:40:12,VALIDATE,JPNXGV0P4HQEGPFF9JYC02GK10,VALID,2026-01-28 17:54:18,2026-01-28 17:54:20,2026-03-10T14:00:52.188530
10022,2600546,,2026-01-27,,,2408.0,ready,2026-01-27 00:40:13,2026-01-27 00:40:13,VALIDATE,WB3Z680P1YZF3419AJYC02GK10,VALID,2026-01-28 17:54:18,2026-01-28 17:54:20,2026-03-10T14:00:52.188530
10023,2600547,,2026-01-27,,,2577.0,ready,2026-01-27 00:40:14,2026-01-27 00:40:14,VALIDATE,RR819YK25C58RSQ2AJYC02GK10,VALID,2026-01-28 17:54:18,2026-01-28 17:54:20,2026-03-10T14:00:52.188530
10024,2600548,,2026-01-27,,,254.0,ready,2026-01-27 00:40:15,2026-01-27 00:40:15,VALIDATE,92EXFP4Y798BX2WYAJYC02GK10,VALID,2026-01-28 17:54:18,2026-01-28 17:54:20,2026-03-10T14:00:52.188530
10025,2600549,,2026-01-27,,,761.2,ready,2026-01-27 00:40:16,2026-01-27 00:40:16,VALIDATE,WY6GR8S259GFJ641AJYC02GK10,VALID,2026-01-28 17:54:18,2026-01-28 17:54:20,2026-03-10T14:00:52.188530
10047,2600550,,2026-01-27,,,219.0,ready,2026-01-29 00:39:58,2026-01-29 00:39:59,NORMAL,,,,,2026-03-10T14:00:52.188530
10048,2600551,,2026-01-27,,,298.0,ready,2026-01-29 00:39:59,2026-01-29 00:40:00,EXTERNAL,,,,,2026-03-10T14:00:52.188530
10049,2600552,,2026-01-27,,,1650.0,ready,2026-01-29 00:40:00,2026-01-29 00:40:01,NORMAL,,,,,2026-03-10T14:00:52.188530
10050,2600553,,2026-01-27,,,12450.0,ready,2026-01-29 00:40:01,2026-01-29 00:40:02,NORMAL,,,,,2026-03-10T14:00:52.188530
10051,2600554,,2026-01-27,,,727.5,ready,2026-01-29 00:40:02,2026-01-29 00:40:03,NORMAL,,,,,2026-03-10T14:00:52.188530
10052,2600555,,2026-01-27,,,2014.5,ready,2026-01-29 00:40:04,2026-01-29 00:40:04,NORMAL,,,,,2026-03-10T14:00:52.188530
10053,2600556,,2026-01-27,,,5942.0,ready,2026-01-29 00:40:06,2026-01-29 00:40:06,NORMAL,,,,,2026-03-10T14:00:52.188530
10054,2600557,,2026-01-27,,,294.0,ready,2026-01-29 00:40:08,2026-01-29 00:40:08,NORMAL,,,,,2026-03-10T14:00:52.188530
10055,2600558,,2026-01-27,,,1046.75,ready,2026-01-29 00:40:09,2026-01-29 00:40:09,NORMAL,,,,,2026-03-10T14:00:52.188530
10056,2600559,,2026-01-27,,,26.0,ready,2026-01-29 00:40:10,2026-01-29 00:40:10,NORMAL,,,,,2026-03-10T14:00:52.188530
10057,2600560,,2026-01-27,,,717.0,ready,2026-01-29 00:40:11,2026-01-29 00:40:11,NORMAL,,,,,2026-03-10T14:00:52.188530
10058,2600561,,2026-01-27,,,308.0,ready,2026-01-29 00:40:12,2026-01-29 00:40:12,EXTERNAL,,,,,2026-03-10T14:00:52.188530
10059,2600562,,2026-01-27,,,438.0,ready,2026-01-29 00:40:12,2026-01-29 00:40:12,NORMAL,,,,,2026-03-10T14:00:52.188530
10060,2600563,,2026-01-27,,,968.0,ready,2026-01-29 00:40:13,2026-01-29 00:40:14,NORMAL,,,,,2026-03-10T14:00:52.188530
9973,2600506,,2026-01-26,,,12225.0,ready,2026-01-24 00:40:45,2026-01-24 00:40:45,VALIDATE,SGYDHQ3T9G04V6HB9GYC02GK10,VALID,2026-01-28 17:54:17,2026-01-28 17:54:19,2026-03-10T14:00:52.188530
9974,2600507,,2026-01-26,,,3550.0,ready,2026-01-24 00:40:47,2026-01-24 00:40:47,VALIDATE,8ZGND7FJ6CRH8CD09GYC02GK10,VALID,2026-01-28 17:54:17,2026-01-28 17:54:20,2026-03-10T14:00:52.188530
9985,2600508,,2026-01-26,,,3284.25,ready,2026-01-27 00:39:32,2026-01-27 00:39:33,VALIDATE,RW1X0E6B3A9SHCJD9GYC02GK10,VALID,2026-01-28 17:54:17,2026-01-28 17:54:20,2026-03-10T14:00:52.188530
9986,2600509,,2026-01-26,,,2119.3,ready,2026-01-27 00:39:35,2026-01-27 00:39:35,VALIDATE,DY7RBGNB907J24T69GYC02GK10,VALID,2026-01-28 17:54:17,2026-01-28 17:54:19,2026-03-10T14:00:52.188530
9987,2600510,,2026-01-26,,,51.0,ready,2026-01-27 00:39:37,2026-01-27 00:39:37,VALIDATE,45VN1DPK052WKAXYAGYC02GK10,VALID,2026-01-28 17:54:17,2026-01-28 17:54:19,2026-03-10T14:00:52.188530
9988,2600511,,2026-01-26,,,2090.0,ready,2026-01-27 00:39:37,2026-01-27 00:39:37,VALIDATE,J8J83JCXHEE84CDGAGYC02GK10,VALID,2026-01-28 17:54:17,2026-01-28 17:54:19,2026-03-10T14:00:52.188530
9989,2600512,,2026-01-26,,,822.0,ready,2026-01-27 00:39:38,2026-01-27 00:39:39,VALIDATE,M3MV2XMSXPD6EW16AGYC02GK10,VALID,2026-01-28 17:54:17,2026-01-28 17:54:20,2026-03-10T14:00:52.188530
9990,2600513,,2026-01-26,,,298.0,ready,2026-01-27 00:39:40,2026-01-27 00:39:40,EXTERNAL,,,,,2026-03-10T14:00:52.188530
9991,2600514,,2026-01-26,,,248.0,ready,2026-01-27 00:39:40,2026-01-27 00:39:40,EXTERNAL,,,,,2026-03-10T14:00:52.188530
9992,2600515,,2026-01-26,,,495.0,ready,2026-01-27 00:39:41,2026-01-27 00:39:41,EXTERNAL,,,,,2026-03-10T14:00:52.188530
9993,2600516,,2026-01-26,,,318.0,ready,2026-01-27 00:39:42,2026-01-27 00:39:42,EXTERNAL,,,,,2026-03-10T14:00:52.188530
9994,2600517,,2026-01-26,,,372.0,ready,2026-01-27 00:39:42,2026-01-27 00:39:42,EXTERNAL,,,,,2026-03-10T14:00:52.188530
9995,2600518,,2026-01-26,,,1016.0,ready,2026-01-27 00:39:43,2026-01-27 00:39:43,VALIDATE,ZR2GN1B0REWN23J6AGYC02GK10,VALID,2026-01-28 17:54:17,2026-01-28 17:54:19,2026-03-10T14:00:52.188530
9996,2600520,,2026-01-26,,,668.0,ready,2026-01-27 00:39:44,2026-01-27 00:39:44,VALIDATE,97XCD3ZSWWR110F5AGYC02GK10,VALID,2026-01-28 17:54:17,2026-01-28 17:54:20,2026-03-10T14:00:52.188530
9997,2600521,,2026-01-26,,,9103.0,ready,2026-01-27 00:39:45,2026-01-27 00:39:45,VALIDATE,NM8KY20BWZDAGH9AAGYC02GK10,VALID,2026-01-28 17:54:17,2026-01-28 17:54:20,2026-03-10T14:00:52.188530
9998,2600522,,2026-01-26,,,1452.0,ready,2026-01-27 00:39:47,2026-01-27 00:39:47,VALIDATE,TX0HXVSADT57J04WBGYC02GK10,VALID,2026-01-28 17:54:17,2026-01-28 17:54:20,2026-03-10T14:00:52.188530
9999,2600523,,2026-01-26,,,294.0,ready,2026-01-27 00:39:48,2026-01-27 00:39:48,VALIDATE,9YQRVFXBCZBNJMKNBGYC02GK10,VALID,2026-01-28 17:54:17,2026-01-28 17:54:20,2026-03-10T14:00:52.188530
10000,2600524,,2026-01-26,,,675.0,ready,2026-01-27 00:39:49,2026-01-27 00:39:49,VALIDATE,9ZS2D4EMQDKCPKWMBGYC02GK10,VALID,2026-01-28 17:54:17,2026-01-28 17:54:20,2026-03-10T14:00:52.188530
10001,2600525,,2026-01-26,,,125.0,ready,2026-01-27 00:39:50,2026-01-27 00:39:50,VALIDATE,FVEXAE8YQPKNQR2EBGYC02GK10,VALID,2026-01-28 17:54:17,2026-01-28 17:54:20,2026-03-10T14:00:52.188530
10002,2600526,,2026-01-26,,,92.0,ready,2026-01-27 00:39:51,2026-01-27 00:39:51,VALIDATE,V4P0XHHR9R080ZWVCGYC02GK10,VALID,2026-01-28 17:54:17,2026-01-28 17:54:20,2026-03-10T14:00:52.188530
10003,2600527,,2026-01-26,,,1699.0,ready,2026-01-27 00:39:52,2026-01-27 00:39:52,NORMAL,,,,,2026-03-10T14:00:52.188530
10004,2600528,,2026-01-26,,,332.5,ready,2026-01-27 00:39:53,2026-01-27 00:39:53,NORMAL,,,,,2026-03-10T14:00:52.188530
10005,2600529,,2026-01-26,,,1612.0,ready,2026-01-27 00:39:54,2026-01-27 00:39:55,NORMAL,,,,,2026-03-10T14:00:52.188530
10006,2600530,,2026-01-26,,,294.0,ready,2026-01-27 00:39:55,2026-01-27 00:39:56,NORMAL,,,,,2026-03-10T14:00:52.188530
10007,2600531,,2026-01-26,,,1101.5,ready,2026-01-27 00:39:56,2026-01-27 00:39:56,VALIDATE,HXJJV1W899DMBN5FCGYC02GK10,VALID,2026-01-28 17:54:17,2026-01-28 17:54:20,2026-03-10T14:00:52.188530
10008,2600532,,2026-01-26,,,1630.0,ready,2026-01-27 00:39:57,2026-01-27 00:39:57,VALIDATE,88GY87EW5HGD8ZVDCGYC02GK10,VALID,2026-01-28 17:54:17,2026-01-28 17:54:20,2026-03-10T14:00:52.188530
10009,2600533,,2026-01-26,,,239.0,ready,2026-01-27 00:39:58,2026-01-27 00:39:58,VALIDATE,GRY2P52DR0SPNDSM7JYC02GK10,VALID,2026-01-28 17:54:17,2026-01-28 17:54:20,2026-03-10T14:00:52.188530
10010,2600534,,2026-01-26,,,857.0,ready,2026-01-27 00:39:59,2026-01-27 00:39:59,VALIDATE,FRCME2VT4JP6QDFH7JYC02GK10,VALID,2026-01-28 17:54:17,2026-01-28 17:54:20,2026-03-10T14:00:52.188530
10011,2600535,,2026-01-26,,,1237.0,ready,2026-01-27 00:40:01,2026-01-27 00:40:01,VALIDATE,TBJTVZ64SP1AG0JH8JYC02GK10,VALID,2026-01-28 17:54:17,2026-01-28 17:54:20,2026-03-10T14:00:52.188530
10012,2600536,,2026-01-26,,,1668.0,ready,2026-01-27 00:40:02,2026-01-27 00:40:02,VALIDATE,BXSMP68XVQG55ZTS8JYC02GK10,VALID,2026-01-28 17:54:18,2026-01-28 17:54:20,2026-03-10T14:00:52.188530
10013,2600537,,2026-01-26,,,1914.0,ready,2026-01-27 00:40:03,2026-01-27 00:40:04,VALIDATE,M2RBAPEAM5BDQ4HV8JYC02GK10,VALID,2026-01-28 17:54:18,2026-01-28 17:54:20,2026-03-10T14:00:52.188530
10014,2600538,,2026-01-26,,,279.0,ready,2026-01-27 00:40:05,2026-01-27 00:40:05,VALIDATE,FY2JR8W3CG67SR668JYC02GK10,VALID,2026-01-28 17:54:18,2026-01-28 17:54:20,2026-03-10T14:00:52.188530
10015,2600539,,2026-01-26,,,2990.0,ready,2026-01-27 00:40:05,2026-01-27 00:40:06,VALIDATE,FB0TSZHE6CPBY82Q8JYC02GK10,VALID,2026-01-28 17:54:18,2026-01-28 17:54:20,2026-03-10T14:00:52.188530
10016,2600540,,2026-01-26,,,2195.0,ready,2026-01-27 00:40:07,2026-01-27 00:40:07,VALIDATE,P59VD6PPB8Y53EBD9JYC02GK10,VALID,2026-01-28 17:54:18,2026-01-28 17:54:20,2026-03-10T14:00:52.188530
10017,2600541,,2026-01-26,,,2333.0,ready,2026-01-27 00:40:08,2026-01-27 00:40:08,VALIDATE,B54T6NATKFKBRMT09JYC02GK10,VALID,2026-01-28 17:54:18,2026-01-28 17:54:20,2026-03-10T14:00:52.188530
10018,2600542,,2026-01-26,,,520.2,ready,2026-01-27 00:40:09,2026-01-27 00:40:10,VALIDATE,JN8Q2HGAPMNSSZXC9JYC02GK10,VALID,2026-01-28 17:54:18,2026-01-28 17:54:20,2026-03-10T14:00:52.188530
10020,2600544,,2026-01-26,,,470.0,ready,2026-01-27 00:40:11,2026-01-27 00:40:11,EXTERNAL,,,,,2026-03-10T14:00:52.188530
10026,SB76367,,2026-01-26,,,99.6,ready,2026-01-27 00:40:42,2026-01-27 00:40:42,VALIDATE,100FFYQAP5SMNGTSAJYC02GK10,VALID,2026-01-28 17:54:18,2026-01-28 17:54:20,2026-03-10T14:00:52.188530
10027,SB76404,,2026-01-26,,,84.0,ready,2026-01-27 00:40:43,2026-01-27 00:40:43,VALIDATE,B5EJYFM3999JP4DXAJYC02GK10,VALID,2026-01-28 17:54:18,2026-01-28 17:54:20,2026-03-10T14:00:52.188530
10028,SB76427,,2026-01-26,,,30.0,ready,2026-01-27 00:40:44,2026-01-27 00:40:44,VALIDATE,8FZS0GBHGS41YX2ZAJYC02GK10,VALID,2026-01-28 17:54:18,2026-01-28 17:54:20,2026-03-10T14:00:52.188530
